ID,Categoria,Departamento,Sucursal,Edad,Salario,Anios_Experiencia,Activo,Horas_Trabajadas,Proyectos_Completados,Nivel_Satisfaccion,Dias_Ausencias,Anio_Contratacion,Anio_Fin_Contrato,Anios_Trabajo
1,4,0,2,46,5559,28,1,27,42.0,5.6,14,2007,,18.0
2,0,2,1,22,2956,4,1,23,1.0,2.7,19,2005,,20.0
4,2,3,4,33,3831,15,1,23,13.0,4.5,15,2016,,9.0
5,3,5,4,46,9972,28,1,24,57.0,6.3,1,2018,,7.0
7,3,2,3,41,9687,23,0,36,68.0,8.0,2,2016,2021,5.0
8,2,2,1,25,3855,7,0,21,17.0,5.7,15,2012,2018,6.0
10,2,1,1,24,3016,6,1,27,5.0,4.8,17,2007,,18.0
11,1,5,0,52,14166,34,0,26,91.0,7.6,0,2015,2022,7.0
12,0,0,2,24,2792,6,1,34,4.0,1.8,17,2001,,24.0
13,2,4,2,23,4348,5,1,45,13.0,3.1,19,2000,,25.0
14,4,1,3,40,6817,22,0,44,24.0,7.6,2,2013,2018,5.0
16,3,3,2,53,8030,35,1,21,34.0,6.7,0,2001,,24.0
17,4,1,4,46,6337,28,0,26,31.0,5.1,12,2012,2014,2.0
18,2,1,1,24,3816,6,1,27,13.0,3.5,12,2007,,18.0
19,4,5,0,47,6126,29,1,47,32.0,6.6,3,2011,,14.0
20,4,1,3,37,5820,19,1,26,16.0,4.3,18,2017,,8.0
21,2,3,4,26,3192,8,1,49,12.0,3.5,17,2021,,4.0
22,3,2,2,41,8776,23,1,26,52.0,7.9,2,2003,,22.0
23,4,1,4,37,6597,19,1,47,34.0,5.4,8,2000,,25.0
24,4,2,2,34,5528,16,0,33,36.0,6.8,2,2009,2015,6.0
25,4,3,4,46,5170,28,1,40,15.0,6.2,3,2013,,12.0
26,2,5,2,26,4560,8,1,37,11.0,4.0,19,2021,,4.0
27,3,4,1,38,7250,20,0,25,63.0,8.0,2,2009,2018,9.0
28,2,1,2,23,4788,5,1,23,19.0,3.5,9,2021,,4.0
29,2,4,2,32,4410,14,1,29,13.0,5.1,17,2000,,25.0
30,1,3,0,61,13700,43,1,37,98.0,8.3,0,2004,,21.0
31,2,1,2,34,3415,16,1,31,5.0,4.1,16,2006,,19.0
32,3,2,0,49,9841,31,1,35,35.0,7.8,0,2003,,22.0
33,3,0,3,46,8403,28,1,44,66.0,8.6,1,2002,,23.0
34,0,4,0,23,2667,5,1,26,1.0,5.0,17,2007,,18.0
35,0,1,1,22,1524,4,1,25,0.0,3.4,16,2002,,23.0
36,2,4,0,32,4845,14,1,47,18.0,4.6,18,2011,,14.0
37,4,1,3,36,5667,18,1,24,38.0,4.9,5,2021,,4.0
39,2,2,4,38,3631,20,1,31,8.0,4.9,6,2018,,7.0
40,4,4,4,49,6847,31,1,34,45.0,5.5,11,2021,,4.0
41,3,0,0,43,7504,25,1,29,44.0,8.7,0,2001,,24.0
42,4,0,0,43,6621,25,0,45,17.0,5.5,19,2020,2023,3.0
43,1,3,3,51,12472,33,1,39,75.0,8.1,2,2016,,9.0
44,0,1,3,23,1998,5,1,38,3.0,2.5,11,2016,,9.0
45,4,4,2,46,6387,28,0,35,30.0,7.3,4,2021,2027,6.0
46,2,3,3,37,3946,19,1,47,16.0,5.6,13,2008,,17.0
47,4,4,2,41,5629,23,1,30,13.0,6.5,0,2002,,23.0
48,2,1,1,33,4768,15,1,27,18.0,4.3,14,2009,,16.0
49,2,0,0,27,4222,9,0,22,10.0,6.3,2,2012,2020,8.0
50,3,5,1,38,7717,20,1,42,41.0,6.1,0,2001,,24.0
51,0,0,3,23,2936,5,1,26,2.0,4.5,12,2007,,18.0
52,2,3,1,32,3338,14,0,42,12.0,5.1,17,2015,2019,4.0
53,0,2,1,18,2158,0,1,48,1.0,2.6,11,2013,,12.0
54,2,5,1,36,3961,18,1,26,9.0,5.0,17,2017,,8.0
55,2,3,3,32,4960,14,0,33,17.0,5.7,19,2003,2008,5.0
56,0,1,1,18,1928,0,1,21,1.0,1.1,12,2018,,7.0
57,3,5,2,53,7898,35,1,29,39.0,8.6,0,2014,,11.0
58,3,3,3,52,7138,34,1,38,68.0,7.3,2,2012,,13.0
59,1,1,1,56,13764,38,0,45,67.0,8.0,4,2004,2007,3.0
60,4,0,3,48,5941,30,0,28,10.0,4.6,18,2016,2025,9.0
61,4,2,4,43,5541,25,0,35,48.0,5.8,9,2008,2013,5.0
62,4,1,2,47,5056,29,1,38,30.0,6.0,11,2017,,8.0
63,2,4,1,36,4255,18,1,37,5.0,4.6,19,2012,,13.0
64,4,1,4,44,5657,26,0,28,24.0,6.7,2,2008,2015,7.0
65,4,1,4,33,5434,15,0,35,13.0,5.7,19,2020,2026,6.0
66,2,2,3,28,3383,10,1,32,16.0,6.8,2,2011,,14.0
68,2,3,2,24,3193,6,1,44,14.0,6.2,3,2020,,5.0
69,3,3,2,50,9581,32,1,39,52.0,6.3,1,2018,,7.0
70,0,1,0,24,2017,6,1,33,0.0,2.6,16,2002,,23.0
71,2,4,2,30,3715,12,0,31,6.0,4.3,8,2006,2011,5.0
72,3,4,4,42,9798,24,1,44,62.0,7.7,4,2020,,5.0
73,1,2,2,59,12339,41,1,38,83.0,9.6,2,2006,,19.0
74,2,0,3,34,4358,16,1,26,11.0,3.3,17,2005,,20.0
75,2,3,0,38,3731,20,1,42,17.0,3.3,18,2005,,20.0
76,2,2,4,38,3115,20,0,34,14.0,6.4,1,2004,2013,9.0
77,2,5,0,38,3824,20,0,35,10.0,3.9,10,2004,2006,2.0
78,3,3,4,35,7684,17,1,46,49.0,8.0,0,2017,,8.0
79,4,2,3,37,5081,19,0,27,10.0,6.2,1,2012,2013,1.0
80,3,3,0,53,9881,35,0,29,42.0,8.5,4,2005,2014,9.0
81,2,0,1,27,3332,9,0,23,5.0,3.5,11,2005,2009,4.0
82,2,5,4,24,3556,6,0,38,9.0,3.5,19,2016,2025,9.0
83,4,0,1,34,5334,16,1,38,25.0,6.2,4,2014,,11.0
84,3,5,0,47,7531,29,0,47,44.0,8.8,4,2017,2023,6.0
85,4,1,1,44,6983,26,1,40,37.0,5.7,17,2011,,14.0
86,4,2,1,43,5220,25,1,46,40.0,5.3,16,2009,,16.0
87,2,5,0,37,3634,19,1,34,11.0,5.4,13,2017,,8.0
88,2,0,3,39,4769,21,0,33,17.0,6.7,3,2002,2004,2.0
89,2,3,1,32,4756,14,1,20,15.0,6.3,4,2014,,11.0
90,4,5,1,32,5322,14,0,35,26.0,8.0,2,2006,2009,3.0
91,3,2,3,44,8874,26,1,29,63.0,6.1,3,2013,,12.0
92,2,5,1,31,3002,13,1,38,17.0,3.5,9,2020,,5.0
93,2,4,1,37,4717,19,1,49,18.0,5.4,11,2008,,17.0
94,2,3,1,33,3205,15,1,41,15.0,6.3,4,2011,,14.0
95,2,2,2,23,4855,5,1,22,16.0,4.1,13,2019,,6.0
96,4,2,3,38,5039,20,1,24,41.0,5.0,18,2003,,22.0
97,2,1,1,24,3058,6,1,28,7.0,6.1,1,2006,,19.0
98,4,0,3,44,5950,26,1,37,40.0,4.2,16,2005,,20.0
99,1,1,4,42,12621,24,1,30,66.0,8.1,3,2019,,6.0
100,3,2,4,53,7643,35,1,35,38.0,7.5,3,2012,,13.0
101,1,3,1,57,12890,39,1,21,59.0,8.7,4,2016,,9.0
102,2,5,3,29,4145,11,1,31,12.0,5.9,12,2016,,9.0
103,4,5,3,46,6502,28,1,41,30.0,5.4,5,2010,,15.0
104,2,3,3,29,3618,11,1,25,17.0,5.5,12,2002,,23.0
105,0,2,2,24,1595,6,0,30,2.0,3.3,9,2000,2009,9.0
106,4,5,4,36,6882,18,1,46,14.0,6.2,4,2015,,10.0
107,4,5,3,32,6437,14,0,27,15.0,6.6,2,2013,2019,6.0
108,2,5,3,22,4258,4,1,31,18.0,4.0,5,2016,,9.0
109,4,0,2,33,5897,15,0,48,40.0,4.3,8,2014,2016,2.0
110,3,0,2,39,8085,21,0,46,46.0,6.4,1,2015,2017,2.0
111,4,4,3,30,6279,12,1,49,20.0,4.9,8,2012,,13.0
112,3,1,0,49,9608,31,1,21,49.0,7.5,4,2019,,6.0
113,0,3,3,22,2404,4,0,28,0.0,4.4,5,2003,2005,2.0
114,2,3,3,34,3347,16,1,34,6.0,5.8,11,2021,,4.0
115,2,3,2,29,3670,11,0,21,9.0,6.2,0,2006,2013,7.0
116,2,4,2,29,4147,11,0,48,5.0,4.4,13,2014,2017,3.0
117,2,0,3,26,4505,8,1,20,8.0,4.6,7,2014,,11.0
118,3,2,3,43,9364,25,1,29,65.0,7.2,3,2013,,12.0
119,2,2,3,22,4527,4,0,21,10.0,3.8,7,2002,2007,5.0
120,2,4,2,25,3718,7,1,31,14.0,3.2,19,2011,,14.0
121,2,2,3,24,4071,6,0,42,13.0,5.4,19,2013,2021,8.0
122,2,3,3,23,4432,5,1,27,7.0,7.0,1,2010,,15.0
124,3,5,0,43,8159,25,1,41,51.0,6.1,4,2006,,19.0
125,4,0,4,31,6224,13,1,47,32.0,7.1,2,2017,,8.0
126,4,0,0,43,5249,25,1,20,21.0,5.0,15,2009,,16.0
127,2,4,1,35,3313,17,1,34,14.0,6.3,4,2004,,21.0
129,1,3,3,45,13439,27,1,31,92.0,9.8,4,2010,,15.0
130,2,2,1,32,4452,14,1,27,14.0,4.6,16,2018,,7.0
131,4,3,3,32,6853,14,0,32,39.0,6.6,4,2009,2011,2.0
132,4,4,2,37,5806,19,0,38,31.0,5.9,5,2002,2009,7.0
133,3,3,1,37,8503,19,1,-46,35.0,7.9,4,2006,,19.0
134,4,2,2,43,6337,25,1,20,11.0,5.8,7,2011,,14.0
135,0,1,1,21,2878,3,0,30,1.0,1.8,6,2002,2006,4.0
136,4,4,1,42,5484,24,0,39,41.0,6.0,15,2014,2014,0.0
137,2,1,2,34,4234,16,1,20,14.0,5.1,12,2009,,16.0
138,2,5,4,23,4727,5,1,49,16.0,6.2,1,2019,,6.0
140,0,5,3,22,2070,4,1,24,4.0,3.7,16,2007,,18.0
141,0,5,1,20,2082,2,0,36,1.0,1.5,17,2004,2012,8.0
142,4,1,3,35,6115,17,1,49,22.0,6.9,0,2009,,16.0
143,4,4,2,45,6288,27,1,27,24.0,6.0,9,2001,,24.0
145,4,3,2,37,5219,19,0,29,19.0,7.7,2,2014,2020,6.0
146,1,3,3,56,11925,38,1,21,95.0,7.2,3,2007,,18.0
147,2,2,0,23,3924,5,1,28,9.0,6.3,4,2001,,24.0
148,2,5,0,31,4465,13,1,43,6.0,3.2,17,2018,,7.0
149,3,5,0,50,9448,32,1,42,48.0,7.1,2,2010,,15.0
150,4,4,0,35,6423,17,0,22,47.0,6.2,3,2011,2017,6.0
151,0,0,0,21,2226,3,1,37,2.0,1.6,18,2020,,5.0
152,4,1,0,31,5990,13,1,26,20.0,7.0,4,2017,,8.0
153,3,5,2,36,9946,18,1,34,49.0,6.0,9,2007,,18.0
154,4,3,1,42,6812,24,1,40,29.0,4.7,10,2001,,24.0
155,0,4,3,24,2357,6,1,41,4.0,3.3,11,2006,,19.0
156,4,1,0,31,5803,13,1,39,27.0,6.9,1,2005,,20.0
157,2,4,2,28,3489,10,1,37,13.0,6.7,1,2004,,21.0
158,2,1,2,24,4508,6,0,44,6.0,5.8,12,2006,2013,7.0
159,4,1,2,37,6780,19,1,22,19.0,6.7,0,2018,,7.0
160,2,2,1,35,4493,17,1,47,6.0,4.6,15,2008,,17.0
161,4,5,3,36,6597,18,1,49,35.0,4.0,8,2008,,17.0
162,2,4,1,28,3937,10,1,42,18.0,3.5,9,2008,,17.0
163,2,4,4,22,3843,4,1,33,13.0,5.1,19,2005,,20.0
164,2,2,2,38,4705,20,1,43,18.0,5.7,9,2000,,25.0
165,3,3,4,43,9314,25,1,21,60.0,7.3,0,2015,,10.0
166,2,3,0,34,3053,16,1,33,14.0,5.9,11,2008,,17.0
167,4,5,0,48,5527,30,1,41,13.0,6.1,4,2010,,15.0
168,3,5,1,53,7615,35,0,30,35.0,6.2,2,2003,2010,7.0
169,1,0,3,64,10954,46,0,35,63.0,7.6,0,2016,2018,2.0
170,2,2,4,38,3385,20,1,27,8.0,6.4,2,2001,,24.0
171,2,3,3,31,4629,13,0,26,14.0,5.9,13,2012,2015,3.0
172,1,1,1,49,12781,31,0,30,96.0,9.7,4,2004,2012,8.0
173,2,4,0,25,3715,7,1,22,11.0,3.5,13,2003,,22.0
174,4,5,3,37,5649,19,1,36,26.0,8.0,1,2003,,22.0
175,2,4,3,39,3299,21,1,33,7.0,3.8,19,2002,,23.0
177,2,0,4,39,4230,21,1,27,19.0,7.0,4,2017,,8.0
178,4,3,0,43,6359,25,1,41,38.0,5.1,18,2010,,15.0
179,0,5,3,21,2092,3,0,24,2.0,3.7,8,2012,2017,5.0
180,3,4,4,49,9561,31,1,46,45.0,6.5,4,2013,,12.0
181,4,5,4,33,6201,15,1,47,39.0,6.3,3,2008,,17.0
182,3,1,0,47,9443,29,1,27,54.0,8.7,1,2010,,15.0
183,0,0,3,20,1870,2,1,21,2.0,2.3,16,2013,,12.0
184,2,1,1,29,3857,11,1,34,11.0,5.7,5,2015,,10.0
185,4,5,3,47,5790,29,0,31,35.0,4.8,12,2019,2023,4.0
186,2,5,2,33,3657,15,1,36,12.0,5.5,8,2015,,10.0
187,2,3,1,35,4341,17,1,20,10.0,4.3,9,2013,,12.0
188,2,4,4,23,3735,5,1,34,13.0,3.8,10,2004,,21.0
189,2,4,1,39,4392,21,0,33,7.0,4.3,18,2007,2008,1.0
190,4,1,4,31,5383,13,1,39,40.0,4.7,12,2002,,23.0
191,3,0,4,45,9109,27,1,41,55.0,8.7,2,2002,,23.0
192,2,2,1,30,4829,12,0,35,14.0,4.6,12,2006,2015,9.0
193,0,4,4,21,2004,3,1,48,0.0,2.0,11,2001,,24.0
194,2,3,4,38,3238,20,1,28,8.0,4.8,8,2021,,4.0
195,4,1,2,44,5194,26,1,20,32.0,5.3,10,2006,,19.0
196,4,1,3,46,5677,28,1,47,22.0,7.0,3,2009,,16.0
197,2,2,3,39,4986,21,1,36,13.0,6.9,3,2021,,4.0
198,2,3,2,27,4245,9,1,48,6.0,4.8,17,2003,,22.0
199,2,0,1,38,3060,20,1,32,6.0,6.4,3,2011,,14.0
200,2,3,0,39,4152,21,0,40,13.0,5.3,19,2006,2014,8.0
202,3,3,0,43,9732,25,0,40,42.0,8.1,4,2007,2014,7.0
203,3,3,2,40,9015,22,0,24,64.0,7.5,2,2002,2007,5.0
204,2,5,2,26,3155,8,1,29,13.0,5.6,18,2002,,23.0
205,2,1,4,33,4940,15,1,25,17.0,6.6,0,2007,,18.0
206,1,3,0,64,10922,46,1,43,80.0,8.3,4,2019,,6.0
207,3,2,1,45,9915,27,1,38,50.0,8.7,1,2015,,10.0
208,2,3,1,22,3902,4,1,44,10.0,6.0,16,2015,,10.0
209,1,4,0,50,13046,32,0,32,83.0,8.5,1,2020,2021,1.0
210,3,1,0,53,7974,35,1,20,37.0,7.8,3,2005,,20.0
211,2,4,0,30,4230,12,1,39,15.0,4.3,15,2001,,24.0
212,2,1,2,23,3387,5,1,44,13.0,6.9,4,2009,,16.0
213,2,4,2,33,4503,15,1,34,6.0,5.7,13,2000,,25.0
214,4,3,2,33,6814,15,1,33,47.0,4.2,9,2015,,10.0
215,2,3,3,25,3886,7,1,27,10.0,4.3,8,2017,,8.0
216,4,5,1,47,5837,29,0,29,49.0,6.5,0,2017,2018,1.0
217,4,2,1,44,6363,26,1,28,37.0,4.2,9,2020,,5.0
218,2,4,4,34,4892,16,1,36,9.0,3.1,13,2002,,23.0
219,2,0,2,38,3339,20,1,28,13.0,4.8,12,2004,,21.0
220,2,5,3,27,3203,9,0,22,5.0,4.3,8,2013,2016,3.0
221,2,4,3,37,3160,19,1,30,13.0,4.8,15,2003,,22.0
222,2,4,1,33,4563,15,0,31,14.0,4.1,15,2000,2003,3.0
223,3,5,2,53,7391,35,1,29,33.0,6.5,4,2008,,17.0
224,4,3,4,34,5768,16,1,44,44.0,6.8,1,2014,,11.0
225,4,4,2,46,6700,28,0,36,19.0,6.1,3,2019,2022,3.0
226,4,3,0,30,5574,12,1,-36,20.0,4.8,9,2008,,17.0
227,0,5,2,21,2033,3,0,44,3.0,2.3,9,2014,2015,1.0
229,2,1,0,36,3892,18,1,49,7.0,3.3,19,2011,,14.0
230,2,0,4,32,3404,14,0,41,6.0,3.6,13,2017,2019,2.0
231,2,4,1,34,3607,16,0,23,15.0,3.3,16,2008,2016,8.0
232,2,2,2,26,4698,8,1,26,17.0,6.2,0,2005,,20.0
233,2,0,0,22,4614,4,0,40,13.0,6.0,10,2020,2022,2.0
234,4,3,2,41,6540,23,0,45,12.0,7.0,3,2020,2022,2.0
236,2,3,1,38,4143,20,1,26,6.0,5.7,18,2012,,13.0
237,4,1,3,33,6837,15,1,43,29.0,5.9,7,2008,,17.0
238,1,5,1,54,10689,36,0,27,96.0,8.9,1,2004,2010,6.0
239,2,4,4,30,4711,12,0,20,18.0,3.2,9,2001,2010,9.0
240,3,1,0,54,9949,36,0,43,63.0,7.9,2,2009,2016,7.0
241,0,1,3,20,2740,2,0,41,0.0,4.1,9,2002,2011,9.0
242,0,4,4,20,1555,2,1,23,1.0,3.0,6,2009,,16.0
243,0,3,2,21,1865,3,1,48,1.0,2.4,16,2014,,11.0
244,4,2,0,34,6722,16,0,49,27.0,5.1,9,2012,2020,8.0
245,1,1,1,49,13575,31,1,31,79.0,8.9,0,2012,,13.0
246,0,0,0,18,1954,0,1,43,0.0,3.8,8,2018,,7.0
247,4,1,2,34,5103,16,1,22,28.0,7.5,3,2005,,20.0
248,0,2,3,23,1576,5,1,32,3.0,2.4,14,2002,,23.0
249,0,3,3,24,1729,6,1,39,2.0,4.1,6,2003,,22.0
250,2,3,3,30,4937,12,0,25,7.0,5.2,7,2009,2018,9.0
251,4,0,1,32,6281,14,0,30,31.0,7.5,2,2000,2004,4.0
252,4,1,4,44,6287,26,1,42,26.0,6.1,0,2005,,20.0
253,2,3,4,37,3330,19,0,23,8.0,5.1,8,2021,2024,3.0
254,4,2,0,47,6205,29,1,39,26.0,6.3,0,2004,,21.0
255,3,4,1,48,7892,30,1,35,43.0,8.2,0,2005,,20.0
256,2,5,3,24,4791,6,1,26,7.0,6.9,1,2015,,10.0
257,0,5,3,21,2187,3,1,41,0.0,1.3,13,2015,,10.0
258,2,5,2,30,3026,12,1,48,18.0,3.2,13,2004,,21.0
259,2,1,2,28,4299,10,1,30,18.0,6.8,4,2017,,8.0
260,3,0,3,43,8675,25,1,43,50.0,7.6,2,2020,,5.0
262,0,4,1,19,2456,1,1,45,4.0,2.9,16,2008,,17.0
263,3,2,4,39,9846,21,0,48,61.0,6.3,2,2018,2027,9.0
264,2,4,2,34,4114,16,1,46,15.0,6.1,3,2010,,15.0
265,2,2,4,25,3479,7,1,26,8.0,6.0,12,2015,,10.0
266,2,1,1,23,3572,5,1,31,7.0,4.2,19,2008,,17.0
267,2,5,3,37,3457,19,1,26,9.0,4.2,17,2015,,10.0
268,2,1,4,30,4474,12,1,46,19.0,6.4,2,2017,,8.0
269,4,0,3,38,5364,20,1,42,20.0,4.3,17,2019,,6.0
270,4,0,3,35,5858,17,0,26,17.0,7.5,2,2017,2021,4.0
271,2,2,0,32,4698,14,1,29,8.0,4.0,15,2013,,12.0
272,2,3,4,22,3350,4,1,9,15.0,5.4,9,2002,,23.0
273,2,3,4,25,4678,7,1,35,16.0,6.7,0,2016,,9.0
274,0,2,3,22,2923,4,1,45,3.0,3.7,13,2008,,17.0
275,2,0,1,34,3252,16,0,27,15.0,4.7,5,2014,2018,4.0
276,2,0,0,34,3780,16,1,28,9.0,5.8,10,2002,,23.0
277,2,0,3,23,4904,5,1,28,8.0,4.4,5,2000,,25.0
278,2,1,2,30,-3802,12,1,21,8.0,4.1,7,2016,,9.0
279,2,0,2,29,4011,11,0,32,16.0,7.0,1,2004,2012,8.0
280,2,4,0,28,3458,10,1,32,8.0,6.0,9,2012,,13.0
281,2,5,1,25,4722,7,1,42,15.0,5.6,19,2002,,23.0
282,4,0,3,47,5916,29,0,42,22.0,5.4,14,2000,2008,8.0
283,4,2,4,32,498,14,1,23,18.0,4.2,11,2005,,20.0
284,3,5,0,40,7949,22,1,44,33.0,6.1,1,2018,,7.0
285,2,1,1,33,4994,15,1,43,16.0,5.2,12,2017,,8.0
286,1,2,4,51,14603,33,1,31,58.0,9.3,3,2013,,12.0
287,4,5,2,37,6327,19,1,36,22.0,6.1,0,2015,,10.0
288,2,2,2,22,3500,4,1,21,14.0,6.4,2,2012,,13.0
289,4,1,4,33,5802,15,1,32,47.0,4.1,13,2001,,24.0
290,2,4,0,32,3597,14,0,48,14.0,4.5,12,2000,2002,2.0
291,1,1,2,42,10165,24,0,37,62.0,7.7,0,2017,2021,4.0
292,1,1,3,52,13486,34,1,47,88.0,8.3,1,2006,,19.0
293,2,2,4,38,3461,20,1,47,16.0,3.3,8,2000,,25.0
294,4,3,4,39,5919,21,0,46,28.0,7.8,0,2021,2023,2.0
295,3,0,2,46,7113,28,1,34,53.0,6.7,4,2003,,22.0
296,2,0,0,36,4456,18,1,27,7.0,6.7,4,2016,,9.0
297,2,4,3,31,3991,13,0,34,5.0,4.7,5,2019,2026,7.0
298,4,4,0,43,6379,25,1,20,22.0,7.9,1,2016,,9.0
299,2,0,1,34,4951,16,0,39,17.0,5.2,14,2018,2021,3.0
300,3,3,1,39,9254,21,1,29,57.0,8.8,2,2020,,5.0
301,3,0,2,40,8258,22,1,31,31.0,6.0,18,2013,,12.0
302,2,3,2,23,4465,5,1,24,14.0,6.0,18,2006,,19.0
303,2,4,2,38,4378,20,0,28,18.0,6.6,3,2012,2016,4.0
304,2,5,1,25,3514,7,1,42,10.0,3.6,14,2017,,8.0
305,2,2,0,35,4231,17,1,27,17.0,3.4,15,2020,,5.0
306,0,4,0,19,2208,1,1,35,1.0,2.7,17,2018,,7.0
308,4,1,3,32,6148,14,1,46,42.0,6.2,4,2016,,9.0
309,2,1,0,36,3137,18,1,44,18.0,5.1,5,2010,,15.0
310,4,1,1,35,5338,17,1,32,29.0,4.6,16,2012,,13.0
311,4,2,4,46,5536,28,1,42,24.0,4.0,15,2019,,6.0
312,3,1,4,46,7067,28,1,40,61.0,8.4,3,2013,,12.0
313,1,3,4,61,11596,43,1,32,82.0,7.3,0,2005,,20.0
314,0,0,3,21,1882,3,0,24,0.0,3.5,7,2000,2007,7.0
315,2,5,2,32,3018,14,1,35,12.0,6.7,2,2004,,21.0
316,2,4,1,25,3682,7,0,45,18.0,3.8,6,2009,2012,3.0
317,4,3,3,35,6473,17,1,30,22.0,6.7,3,2000,,25.0
318,3,5,1,35,9121,17,0,41,45.0,6.2,3,2014,2018,4.0
319,3,3,1,54,7572,36,1,24,31.0,7.8,1,2011,,14.0
320,4,3,2,45,5938,27,0,32,26.0,4.7,17,2001,2004,3.0
321,2,4,4,36,4688,18,1,47,15.0,5.9,13,2012,,13.0
322,2,0,2,38,4299,20,1,30,12.0,4.2,16,2005,,20.0
323,2,1,3,29,4071,11,0,4,8.0,4.9,14,2008,2014,6.0
324,4,2,3,41,5210,23,0,38,12.0,6.4,2,2001,2009,8.0
325,0,0,3,20,2354,2,0,22,4.0,1.7,10,2016,2019,3.0
326,2,2,2,31,4943,13,1,34,16.0,6.0,19,2000,,25.0
327,2,4,1,36,3650,18,1,26,8.0,4.2,14,2013,,12.0
329,4,4,0,31,5993,13,0,25,25.0,4.6,17,2007,2010,3.0
330,4,5,3,34,5694,16,1,22,42.0,6.8,0,2012,,13.0
331,4,2,1,35,5539,17,1,49,39.0,4.5,10,2005,,20.0
332,2,0,0,28,4732,10,1,32,15.0,4.7,17,2020,,5.0
333,1,0,1,60,13262,42,1,26,61.0,7.7,2,2011,,14.0
334,3,3,3,35,8338,17,0,24,44.0,8.2,2,2021,2030,9.0
336,1,3,3,46,13634,28,0,37,77.0,9.6,2,2010,2018,8.0
337,2,4,2,33,4684,15,0,41,18.0,6.6,1,2017,2019,2.0
338,2,0,1,37,3779,19,0,49,11.0,3.8,15,2016,2023,7.0
339,4,2,1,45,6585,27,0,27,23.0,6.5,2,2002,2008,6.0
340,3,4,2,45,8923,27,1,36,59.0,6.3,1,2002,,23.0
341,4,5,2,33,6781,15,1,39,42.0,5.6,15,2016,,9.0
342,4,3,4,42,6136,24,1,46,24.0,6.9,4,2020,,5.0
343,3,4,1,41,9217,23,1,20,36.0,8.0,4,2008,,17.0
344,4,4,1,33,6491,15,1,33,24.0,6.5,3,2003,,22.0
345,4,5,4,44,6701,26,0,36,47.0,5.1,17,2009,2011,2.0
346,2,1,0,30,4944,12,1,29,18.0,4.5,13,2019,,6.0
347,2,0,4,32,4037,14,0,31,12.0,3.4,13,2011,2017,6.0
348,1,2,3,47,14383,29,1,35,93.0,9.2,0,2010,,15.0
349,4,1,1,30,6930,12,1,33,20.0,6.0,6,2011,,14.0
350,2,3,2,29,3188,11,1,49,17.0,5.8,12,2020,,5.0
351,2,4,3,34,3913,16,0,46,19.0,4.0,9,2010,2018,8.0
352,2,5,1,25,4178,7,0,35,18.0,4.3,11,2015,2022,7.0
353,2,5,4,29,4590,11,1,27,13.0,4.3,5,2021,,4.0
354,3,0,3,37,9741,19,0,42,53.0,6.1,3,2012,2015,3.0
355,3,1,1,43,8745,25,1,47,48.0,7.0,1,2012,,13.0
356,2,0,0,23,3887,5,1,29,6.0,6.2,3,2008,,17.0
357,1,4,0,41,11098,23,1,48,71.0,9.7,4,2011,,14.0
358,2,0,2,34,3276,16,1,36,8.0,5.1,15,2017,,8.0
359,0,2,1,24,2439,6,1,46,0.0,2.8,16,2005,,20.0
360,2,5,0,33,4668,15,0,49,12.0,3.1,7,2020,2028,8.0
361,4,5,4,33,6366,15,1,48,34.0,7.5,1,2019,,6.0
362,2,3,1,29,4448,11,1,37,18.0,3.1,16,2000,,25.0
363,4,3,4,38,5570,20,1,39,18.0,7.8,3,2015,,10.0
364,2,4,4,26,4534,8,0,35,6.0,5.0,18,2017,2020,3.0
365,0,2,0,21,2356,3,1,36,0.0,2.4,6,2013,,12.0
366,4,1,1,47,6000,29,1,35,32.0,7.7,1,2013,,12.0
367,0,0,3,20,2705,2,1,38,4.0,1.1,13,2003,,22.0
368,0,4,0,24,1957,6,1,43,4.0,3.3,17,2010,,15.0
369,3,3,0,43,7917,25,0,43,54.0,7.6,3,2008,2009,1.0
370,3,0,1,51,8874,33,1,27,37.0,6.7,3,2011,,14.0
371,3,3,1,46,7832,28,1,25,45.0,7.3,1,2002,,23.0
372,1,0,4,46,11678,28,1,25,97.0,9.0,1,2020,,5.0
373,3,1,1,44,7615,26,1,40,44.0,8.2,4,2019,,6.0
374,2,4,4,31,4995,13,0,48,5.0,3.0,6,2002,2007,5.0
375,3,0,0,47,7405,29,1,28,51.0,8.8,2,2010,,15.0
376,4,2,2,48,6749,30,1,23,12.0,4.7,7,2019,,6.0
377,2,5,3,32,4777,14,1,45,10.0,3.9,10,2000,,25.0
378,1,2,0,52,14188,34,1,31,63.0,7.8,2,2004,,21.0
379,2,2,1,29,3429,11,1,47,8.0,3.2,15,2012,,13.0
380,4,5,3,37,5653,19,1,31,27.0,4.5,9,2005,,20.0
381,3,2,2,38,7433,20,0,42,47.0,9.0,3,2018,2021,3.0
382,2,0,2,36,4135,18,1,36,7.0,4.3,7,2009,,16.0
383,2,0,4,32,4952,14,1,34,14.0,3.5,12,2002,,23.0
384,2,0,3,32,3374,14,1,28,5.0,3.4,18,2005,,20.0
385,2,5,4,22,4082,4,1,26,11.0,5.9,14,2017,,8.0
386,2,2,0,38,4066,20,1,29,19.0,6.4,2,2016,,9.0
387,4,5,3,44,5206,26,1,35,10.0,5.0,10,2007,,18.0
388,3,0,0,54,7779,36,1,31,56.0,6.1,4,2001,,24.0
389,2,2,4,27,4319,9,0,44,13.0,3.9,19,2011,2015,4.0
390,2,2,3,36,4141,18,1,26,15.0,3.2,11,2015,,10.0
391,0,3,4,24,2031,6,0,37,2.0,1.4,11,2002,2004,2.0
392,4,3,3,38,6245,20,1,34,14.0,5.7,6,2013,,12.0
393,4,1,4,43,5165,25,0,25,16.0,4.9,18,2021,2027,6.0
394,2,4,2,39,3642,21,1,45,7.0,5.1,7,2019,,6.0
395,4,3,4,46,6179,28,1,31,38.0,5.0,16,2016,,9.0
396,0,5,2,19,2707,1,1,30,2.0,4.8,14,2015,,10.0
397,2,3,4,26,3089,8,1,39,19.0,6.6,1,2018,,7.0
398,4,1,3,49,6117,31,1,22,46.0,6.3,3,2019,,6.0
399,2,2,3,30,3012,12,0,21,11.0,4.4,11,2017,2025,8.0
400,2,1,3,32,3972,14,1,25,16.0,4.5,6,2009,,16.0
401,3,2,1,35,8857,17,1,43,59.0,7.2,2,2018,,7.0
402,0,2,0,19,2304,1,0,41,3.0,3.9,11,2000,2002,2.0
403,2,4,3,27,3944,9,1,44,9.0,4.8,11,2002,,23.0
404,2,3,2,23,3741,5,1,49,7.0,6.4,1,2003,,22.0
405,4,5,3,44,6857,26,1,24,18.0,7.8,2,2001,,24.0
406,2,5,1,35,4827,17,0,37,14.0,4.3,16,2008,2009,1.0
407,4,0,2,34,6461,16,1,35,48.0,6.2,0,2005,,20.0
408,1,2,1,45,11610,27,0,27,75.0,7.3,3,2009,2011,2.0
409,0,5,2,23,2375,5,0,44,1.0,1.8,7,2002,2011,9.0
410,3,4,4,52,8959,34,1,49,52.0,7.2,4,2005,,20.0
411,4,2,0,43,6834,25,1,45,32.0,4.8,11,2018,,7.0
412,0,4,0,19,2673,1,1,39,2.0,4.5,8,2021,,4.0
413,0,5,1,23,2159,5,0,41,4.0,1.6,17,2010,2017,7.0
414,2,5,0,34,4031,16,1,30,13.0,4.8,17,2000,,25.0
415,2,0,1,24,4052,6,1,29,17.0,5.4,15,2005,,20.0
416,4,5,1,35,5295,17,1,43,37.0,6.8,2,2005,,20.0
417,4,2,1,37,5985,19,1,44,36.0,5.5,19,2008,,17.0
418,4,2,0,41,5925,23,0,31,26.0,7.5,0,2009,2015,6.0
419,2,2,1,34,4744,16,1,40,10.0,5.3,10,2016,,9.0
420,2,0,0,32,3639,14,1,47,8.0,4.8,6,2018,,7.0
422,2,5,3,22,3627,4,0,46,6.0,4.9,7,2018,2027,9.0
423,3,1,1,51,9486,33,0,39,38.0,8.5,3,2012,2020,8.0
424,4,1,2,45,6167,27,0,24,22.0,6.5,4,2015,2019,4.0
425,3,0,1,45,7941,27,1,42,69.0,8.5,1,2005,,20.0
426,2,5,4,34,3829,16,1,28,11.0,5.0,5,2012,,13.0
427,4,1,1,47,6770,29,0,45,24.0,4.5,16,2003,2009,6.0
428,2,5,2,32,3518,14,0,46,15.0,3.1,14,2001,2004,3.0
429,4,5,2,41,5975,23,1,48,13.0,5.2,12,2006,,19.0
430,3,5,0,40,7954,22,1,35,62.0,8.1,0,2003,,22.0
431,3,3,3,43,8262,25,1,41,53.0,8.4,3,2012,,13.0
432,2,2,1,37,3951,19,1,33,8.0,4.2,6,2011,,14.0
433,2,5,0,25,3943,7,1,41,7.0,5.0,15,2006,,19.0
434,3,3,3,37,9202,19,0,27,39.0,7.3,3,2005,2007,2.0
435,3,0,1,50,8204,32,0,46,65.0,7.2,1,2014,2018,4.0
436,2,1,4,33,4238,15,1,39,8.0,3.9,10,2006,,19.0
437,3,2,1,45,9135,27,1,38,40.0,6.4,0,2014,,11.0
438,2,1,2,26,4279,8,1,33,16.0,3.8,14,2004,,21.0
439,2,2,2,39,4534,21,1,26,18.0,3.2,7,2014,,11.0
440,3,1,4,53,8096,35,1,24,47.0,6.6,3,2000,,25.0
441,3,2,0,40,9978,22,0,37,59.0,6.0,12,2016,2023,7.0
442,0,1,3,23,1678,5,1,21,3.0,3.5,8,2011,,14.0
443,4,1,1,47,5211,29,0,30,46.0,5.3,16,2005,2010,5.0
444,4,1,2,35,6828,17,0,41,29.0,7.9,2,2003,2008,5.0
445,2,1,0,25,4257,7,1,27,13.0,3.8,5,2000,,25.0
446,0,0,4,21,1964,3,1,20,3.0,2.4,16,2017,,8.0
447,0,5,2,20,2746,2,1,46,4.0,2.4,13,2006,,19.0
448,2,4,4,23,3630,5,1,41,13.0,3.0,14,2021,,4.0
449,4,3,1,46,5824,28,0,31,20.0,7.4,0,2016,2024,8.0
450,3,4,3,45,8230,27,0,21,38.0,6.1,0,2000,2009,9.0
451,2,4,2,32,3606,14,1,37,18.0,6.8,3,2000,,25.0
452,2,2,2,37,3884,19,1,26,6.0,6.6,4,2020,,5.0
453,4,5,1,31,6757,13,1,45,34.0,6.1,4,2017,,8.0
454,0,2,0,19,1865,1,1,36,2.0,3.2,15,2000,,25.0
455,3,5,3,42,9323,24,1,41,61.0,8.0,2,2002,,23.0
456,4,5,2,42,5379,24,1,49,23.0,5.5,12,2008,,17.0
457,1,1,3,49,13856,31,0,42,50.0,8.9,4,2019,2025,6.0
458,4,0,2,37,6087,19,1,33,26.0,4.2,6,2005,,20.0
459,3,1,3,38,9857,20,1,43,54.0,6.2,3,2013,,12.0
460,3,0,4,49,7924,31,0,26,37.0,7.4,3,2002,2009,7.0
461,3,2,2,35,8938,17,1,41,34.0,7.6,1,2000,,25.0
462,2,0,3,32,3493,14,1,44,9.0,6.6,1,2005,,20.0
463,2,2,0,28,4546,10,1,48,13.0,3.4,9,2009,,16.0
464,2,4,4,38,4121,20,0,22,7.0,6.3,2,2015,2022,7.0
465,0,4,4,20,2594,2,1,46,2.0,1.8,14,2010,,15.0
466,4,0,0,49,5363,31,0,25,32.0,5.6,7,2000,2001,1.0
467,4,0,3,47,5569,29,1,39,18.0,5.3,12,2002,,23.0
468,2,2,1,33,4825,15,0,21,10.0,4.6,11,2007,2015,8.0
469,4,1,0,38,5762,20,0,36,39.0,4.6,5,2010,2014,4.0
470,0,2,3,22,1775,4,1,31,1.0,3.0,16,2020,,5.0
471,1,1,0,49,14145,31,1,31,65.0,9.4,4,2011,,14.0
472,0,4,0,21,2881,3,0,49,0.0,2.8,16,2003,2004,1.0
473,1,5,2,44,12775,26,0,36,51.0,8.5,4,2019,2028,9.0
474,2,0,3,31,3905,13,1,46,18.0,6.4,0,2000,,25.0
475,2,1,1,32,3927,14,1,29,18.0,5.8,8,2012,,13.0
476,0,2,2,22,2063,4,1,22,0.0,3.0,5,2011,,14.0
477,3,4,0,44,7782,26,0,39,55.0,6.8,4,2014,2016,2.0
478,2,1,0,29,3484,11,1,37,14.0,6.5,1,2018,,7.0
479,0,2,0,19,2607,1,0,32,0.0,3.3,19,2018,2020,2.0
480,2,0,3,29,4922,11,0,31,19.0,3.9,16,2015,2023,8.0
481,2,0,3,37,4828,19,1,46,14.0,4.1,5,2015,,10.0
482,2,3,2,26,4661,8,1,46,19.0,6.2,3,2021,,4.0
483,4,5,1,32,6831,14,1,49,25.0,4.2,16,2021,,4.0
484,2,3,2,33,3583,15,1,46,18.0,7.0,3,2003,,22.0
485,2,4,4,34,4319,16,1,36,17.0,3.5,7,2007,,18.0
486,0,1,0,22,1735,4,1,23,2.0,4.2,13,2017,,8.0
487,1,4,0,49,12103,31,1,42,57.0,8.2,0,2011,,14.0
488,4,2,0,33,6942,15,0,29,43.0,6.0,8,2009,2016,7.0
489,0,0,2,18,1859,0,0,30,1.0,4.5,12,2002,2003,1.0
490,2,3,2,23,4930,5,1,25,15.0,4.7,12,2014,,11.0
491,4,3,0,480,5109,30,1,25,19.0,6.1,100,2020,,5.0
492,2,3,2,22,3191,4,0,46,7.0,3.2,16,2018,2024,6.0
493,4,4,3,36,5903,18,1,28,32.0,4.0,15,2020,,5.0
494,3,0,3,51,8116,33,0,49,37.0,6.7,4,2000,2002,2.0
495,4,1,2,32,5861,14,1,34,37.0,6.7,2,2000,,25.0
496,4,2,0,49,5567,31,0,21,32.0,4.5,12,2006,2009,3.0
497,2,1,2,24,4083,6,1,23,8.0,3.5,14,2007,,18.0
498,3,4,2,37,7649,19,1,24,43.0,7.2,3,2019,,6.0
499,0,2,2,18,1538,0,0,36,4.0,3.6,12,2006,2008,2.0
500,0,3,4,24,2572,6,1,27,1.0,3.8,13,2008,,17.0
501,2,5,3,35,4443,17,1,27,17.0,3.7,11,2021,,4.0
502,2,4,1,38,3636,20,1,41,5.0,3.3,18,2013,,12.0
503,4,4,1,47,6036,29,1,31,13.0,7.8,3,2016,,9.0
504,2,0,4,34,3035,16,1,40,19.0,4.0,6,2020,,5.0
505,2,1,2,39,3100,21,0,27,5.0,6.4,0,2018,2022,4.0
506,3,4,4,38,8361,20,1,38,55.0,8.6,2,2005,,20.0
507,0,4,4,18,1665,0,0,22,0.0,4.1,12,2015,2019,4.0
508,2,3,0,39,3382,21,0,37,11.0,3.7,17,2021,2023,2.0
509,0,3,3,18,2899,0,0,40,3.0,4.3,9,2010,2015,5.0
510,2,2,1,34,4494,16,1,38,19.0,6.1,3,2021,,4.0
511,2,5,2,31,3789,13,1,38,17.0,5.4,7,2014,,11.0
512,4,0,1,40,6665,22,0,34,11.0,5.3,11,2020,2028,8.0
513,0,5,1,18,1530,0,0,25,3.0,2.1,18,2013,2016,3.0
514,2,2,3,30,4398,12,1,35,7.0,3.5,18,2001,,24.0
515,1,3,1,44,14106,26,0,27,73.0,8.5,1,2000,2004,4.0
516,1,1,1,40,12011,22,0,35,94.0,8.8,4,2013,2021,8.0
517,4,3,4,46,6325,28,0,37,33.0,5.4,7,2016,2022,6.0
518,2,0,3,23,3095,5,1,39,15.0,4.9,16,2002,,23.0
519,0,3,0,22,2713,4,1,35,2.0,2.5,13,2002,,23.0
520,3,0,2,43,9500,25,1,30,51.0,7.9,3,2003,,22.0
521,2,0,1,25,3191,7,1,26,19.0,6.6,32,2003,,22.0
522,4,0,2,34,5485,16,1,36,19.0,4.7,7,2001,,24.0
523,0,2,0,20,2789,2,1,36,0.0,2.5,9,2006,,19.0
524,2,0,2,24,4447,6,1,31,15.0,3.6,7,2012,,13.0
525,2,0,0,33,4151,15,1,32,16.0,5.5,13,2003,,22.0
526,4,1,4,48,5237,30,0,29,18.0,6.9,2,2021,2027,6.0
527,4,5,1,48,6943,30,0,26,37.0,7.7,1,2003,2012,9.0
528,4,4,0,42,6378,24,1,33,10.0,5.1,16,2021,,4.0
529,3,5,2,41,8963,23,1,42,46.0,8.9,4,2000,,25.0
530,2,0,1,36,4135,18,1,20,19.0,3.3,10,2012,,13.0
531,2,1,4,28,4851,10,1,36,16.0,5.4,5,2018,,7.0
532,0,3,1,19,2969,1,1,23,1.0,1.2,18,2006,,19.0
533,0,1,0,22,2866,4,0,40,4.0,4.6,16,2014,2023,9.0
534,2,0,4,35,4168,17,1,24,18.0,5.1,15,2015,,10.0
535,2,1,2,25,4088,7,1,39,17.0,5.7,10,2012,,13.0
536,0,1,4,24,2770,6,1,43,1.0,4.3,14,2006,,19.0
537,2,0,4,31,3734,13,1,42,19.0,3.6,7,2020,,5.0
538,4,2,3,49,5990,31,1,44,47.0,4.2,8,2015,,10.0
539,4,1,4,44,6513,26,0,26,48.0,7.5,0,2010,2016,6.0
540,3,4,4,52,7824,34,1,29,35.0,6.9,4,2020,,5.0
541,0,4,1,21,2962,3,0,36,3.0,1.5,18,2016,2025,9.0
542,2,1,2,34,3105,16,1,48,9.0,4.9,16,2015,,10.0
543,4,2,1,37,5180,19,1,49,23.0,6.4,0,2019,,6.0
544,2,3,1,30,3183,12,1,26,16.0,3.1,8,2012,,13.0
545,2,0,0,37,3225,19,1,20,11.0,4.1,14,2005,,20.0
546,4,4,1,48,5776,30,1,26,19.0,4.1,15,2011,,14.0
547,3,3,3,50,9837,32,1,45,49.0,7.3,4,2001,,24.0
548,2,1,3,28,4932,10,1,43,19.0,6.6,0,2005,,20.0
549,2,3,0,35,4112,17,1,30,19.0,6.9,4,2006,,19.0
550,2,5,2,35,3687,17,1,28,11.0,5.5,17,2010,,15.0
551,2,4,2,25,3529,7,1,31,14.0,3.6,9,2015,,10.0
552,2,1,1,36,4394,18,0,22,13.0,6.6,0,2013,2014,1.0
553,2,0,1,24,3971,6,1,23,14.0,5.1,5,2019,,6.0
554,2,2,1,26,3935,8,1,23,14.0,3.6,19,2011,,14.0
555,2,1,2,22,4936,4,0,47,17.0,6.7,4,2012,2018,6.0
556,4,0,4,32,6422,14,0,44,48.0,7.0,2,2012,2017,5.0
557,3,2,3,49,9153,31,0,32,57.0,8.2,3,2015,2016,1.0
558,1,2,4,63,11294,45,1,42,79.0,9.1,4,2021,,4.0
559,2,1,4,29,4998,11,1,38,9.0,3.8,14,2021,,4.0
560,2,3,2,25,3830,7,1,29,11.0,3.8,9,2009,,16.0
561,2,3,4,23,4526,5,0,24,7.0,5.8,13,2016,2021,5.0
562,4,2,0,39,5678,21,1,26,24.0,4.9,18,2013,,12.0
563,3,3,1,38,9896,20,0,43,50.0,7.3,3,2003,2011,8.0
564,1,5,0,42,13103,24,1,35,86.0,9.3,1,2004,,21.0
565,4,2,3,31,5392,13,1,20,21.0,7.1,3,2012,,13.0
566,2,2,1,38,3039,20,0,31,8.0,4.8,8,2014,2015,1.0
567,4,0,4,49,5659,31,1,21,18.0,7.2,1,2020,,5.0
569,0,2,1,22,2480,4,1,30,1.0,3.6,17,2001,,24.0
570,4,5,4,38,6105,20,1,48,37.0,4.9,17,2018,,7.0
571,2,0,0,27,3844,9,1,49,11.0,4.1,7,2007,,18.0
573,4,2,4,39,5200,21,0,21,49.0,4.5,12,2020,2024,4.0
574,2,5,0,29,3446,11,1,26,16.0,4.1,11,2005,,20.0
575,2,4,3,28,4867,10,0,34,10.0,3.8,9,2013,2016,3.0
576,0,5,3,24,2951,6,1,44,2.0,2.8,14,2000,,25.0
577,3,5,3,40,8234,22,1,30,55.0,8.7,2,2008,,17.0
578,0,0,3,22,1943,4,0,21,0.0,1.4,19,2010,2011,1.0
579,4,1,2,49,6350,31,0,26,25.0,6.9,4,2007,2012,5.0
580,4,4,1,32,5760,14,1,23,31.0,6.7,2,2007,,18.0
581,4,3,1,48,5226,30,1,30,27.0,4.4,14,2016,,9.0
582,0,3,2,23,1547,5,1,48,1.0,4.7,9,2021,,4.0
583,4,5,4,44,6041,26,1,21,35.0,6.3,0,2004,,21.0
584,4,0,4,33,5911,15,1,48,17.0,5.5,10,2010,,15.0
585,2,0,3,33,4462,15,0,35,10.0,6.0,140,2013,2019,6.0
586,4,3,0,35,6830,17,1,26,39.0,5.0,8,2014,,11.0
587,3,4,4,53,7186,35,1,32,68.0,8.1,3,2006,,19.0
588,3,1,0,38,9392,20,0,24,52.0,6.1,1,2012,2015,3.0
589,3,4,1,49,9271,31,0,36,61.0,8.5,3,2014,2016,2.0
590,3,2,0,43,9877,25,0,40,51.0,7.3,1,2016,2022,6.0
591,3,2,1,39,9535,21,0,31,38.0,7.9,0,2015,2016,1.0
592,2,1,2,34,4932,16,1,47,19.0,3.9,14,2011,,14.0
593,3,3,2,52,9924,34,1,38,36.0,8.0,4,2004,,21.0
594,4,1,3,34,5848,16,0,26,18.0,7.1,4,2015,2022,7.0
595,2,0,4,37,4252,19,1,25,17.0,4.9,7,2019,,6.0
596,4,2,3,48,6413,30,1,27,12.0,6.5,3,2017,,8.0
597,2,5,1,35,3978,17,1,32,7.0,4.8,12,2007,,18.0
598,3,5,3,50,8612,32,1,24,62.0,8.7,3,2007,,18.0
599,3,3,0,49,8016,31,0,21,50.0,7.5,1,2014,2019,5.0
600,1,0,1,61,11881,43,1,28,80.0,9.5,3,2012,,13.0
601,3,4,2,38,7269,20,1,49,63.0,8.4,4,2007,,18.0
602,4,0,4,36,6630,18,0,30,41.0,5.6,13,2003,2004,1.0
603,3,5,1,50,7309,32,0,43,64.0,6.7,1,2008,2015,7.0
604,3,5,1,42,9043,24,0,25,44.0,7.2,3,2011,2017,6.0
605,3,2,0,51,8574,33,0,48,61.0,8.5,4,2011,2018,7.0
606,4,0,4,45,6095,27,1,45,15.0,4.9,11,2021,,4.0
607,4,0,2,39,6816,21,1,26,30.0,6.1,2,2017,,8.0
608,4,5,1,39,5844,21,1,44,42.0,7.2,3,2000,,25.0
609,2,4,1,23,4695,5,1,26,8.0,4.4,5,2001,,24.0
610,2,3,0,30,4210,12,1,38,7.0,5.6,5,2001,,24.0
611,1,3,3,56,13262,38,1,25,82.0,7.7,3,2011,,14.0
612,2,0,2,32,4445,14,1,30,16.0,3.4,8,2003,,22.0
613,2,3,4,31,3119,13,0,48,19.0,6.2,4,2018,2025,7.0
614,3,5,1,51,7219,33,1,30,50.0,6.3,3,2013,,12.0
615,2,5,1,25,3052,7,1,26,10.0,4.1,11,2020,,5.0
616,0,0,2,21,2974,3,0,21,1.0,4.4,7,2007,2009,2.0
617,3,0,3,49,8666,31,1,38,44.0,7.0,4,2008,,17.0
618,4,2,1,34,6260,16,1,23,23.0,7.9,1,2016,,9.0
619,2,0,2,27,3757,9,1,45,7.0,6.9,2,2015,,10.0
620,2,4,0,38,3737,20,1,25,15.0,4.1,17,2010,,15.0
621,3,3,3,35,7719,17,1,36,44.0,6.1,4,2005,,20.0
622,4,0,4,48,5405,30,1,44,15.0,6.8,0,2010,,15.0
623,4,1,1,33,5607,15,1,24,18.0,5.8,9,2013,,12.0
624,4,2,2,46,6020,28,1,48,46.0,4.4,70,2006,,19.0
625,2,1,0,30,3421,12,1,47,8.0,5.8,16,2002,,23.0
626,4,5,4,31,5711,13,1,49,43.0,4.1,12,2014,,11.0
627,4,3,2,37,5246,19,1,26,47.0,7.5,2,2019,,6.0
628,2,0,2,36,3071,18,1,28,14.0,3.6,10,2021,,4.0
629,1,1,4,46,12053,28,1,44,67.0,7.4,1,2008,,17.0
630,4,3,0,35,6229,17,0,20,37.0,4.7,19,2006,2009,3.0
631,2,5,0,22,4567,4,0,20,17.0,6.8,4,2015,2023,8.0
632,2,4,3,36,4634,18,0,38,11.0,5.8,11,2009,2018,9.0
633,2,2,1,28,3905,10,1,25,7.0,6.2,4,2016,,9.0
634,2,3,4,38,3386,20,0,37,13.0,4.6,9,2021,2023,2.0
635,3,3,4,36,8791,18,0,29,61.0,7.0,4,2015,2017,2.0
636,4,4,4,38,5698,20,1,47,15.0,4.9,5,2009,,16.0
637,2,3,0,30,4099,12,1,30,18.0,4.9,13,2001,,24.0
638,4,5,1,42,6200,24,1,20,37.0,6.2,3,2014,,11.0
639,4,5,3,35,5826,17,0,20,33.0,6.5,4,2018,2027,9.0
640,4,4,2,35,6822,17,1,32,22.0,5.0,6,2012,,13.0
641,1,2,2,59,10348,41,1,24,92.0,9.8,3,2001,,24.0
642,4,0,4,49,6278,31,1,39,21.0,4.7,18,2021,,4.0
643,4,1,1,32,6860,14,1,20,28.0,7.9,4,2005,,20.0
644,4,0,0,46,6725,28,1,39,30.0,4.1,13,2010,,15.0
645,3,3,1,51,7307,33,0,22,56.0,7.4,1,2001,2006,5.0
646,2,1,1,33,4368,15,0,37,14.0,4.3,8,2019,2025,6.0
647,2,4,0,37,4150,19,0,28,7.0,4.8,6,2001,2010,9.0
648,2,4,4,36,4960,18,1,33,12.0,5.3,9,2018,,7.0
649,2,2,1,34,3286,16,1,46,14.0,4.7,7,2016,,9.0
650,4,1,2,30,5765,12,1,36,37.0,5.7,14,2006,,19.0
651,3,5,0,51,7724,33,0,42,47.0,8.2,1,2013,2014,1.0
652,2,1,3,24,3761,6,1,33,16.0,5.7,18,2011,,14.0
653,2,3,4,36,4619,18,1,48,8.0,6.3,0,2002,,23.0
654,2,5,0,25,4510,7,1,23,14.0,4.0,9,2003,,22.0
655,4,4,3,33,5382,15,1,24,38.0,6.4,1,2020,,5.0
656,3,1,3,52,9435,34,0,45,46.0,7.8,4,2014,2016,2.0
657,4,0,1,46,5524,28,1,40,13.0,5.5,5,2002,,23.0
658,4,2,1,48,6580,30,1,36,38.0,5.9,10,2012,,13.0
659,2,0,1,32,3638,14,0,41,8.0,4.3,17,2011,2020,9.0
660,2,2,0,24,3937,6,0,48,14.0,3.6,11,2014,2018,4.0
661,4,3,0,37,6649,19,1,44,34.0,4.9,5,2006,,19.0
662,0,0,4,23,1775,5,1,21,2.0,1.4,13,2011,,14.0
663,2,1,1,22,3499,4,1,42,19.0,5.7,12,2013,,12.0
664,4,1,3,43,5716,25,0,41,11.0,6.6,3,2002,2004,2.0
665,3,0,2,36,7336,18,1,24,54.0,8.9,4,2010,,15.0
666,3,1,4,38,8973,20,1,23,35.0,8.2,2,2017,,8.0
667,4,3,0,48,5931,30,1,23,35.0,4.2,19,2021,,4.0
668,3,5,4,40,7480,22,1,25,37.0,8.7,3,2006,,19.0
670,4,2,4,46,6996,28,1,40,36.0,5.8,18,2020,,5.0
671,3,3,4,42,8351,24,1,32,54.0,7.8,2,2021,,4.0
672,2,2,2,22,4754,4,1,41,6.0,6.9,1,2000,,25.0
673,3,1,1,39,7108,21,1,24,30.0,7.6,1,2004,,21.0
674,2,5,3,37,4302,19,1,42,17.0,6.6,3,2009,,16.0
675,4,1,4,35,6709,17,1,44,48.0,4.3,18,2021,,4.0
676,0,4,4,22,1827,4,1,45,2.0,1.8,15,2010,,15.0
677,3,1,4,50,8799,32,1,42,33.0,7.3,4,2005,,20.0
678,4,2,1,32,5314,14,1,26,46.0,6.3,2,2016,,9.0
679,0,1,0,20,2997,2,1,39,2.0,4.3,16,2013,,12.0
680,2,1,0,33,4134,15,1,20,19.0,7.0,4,2012,,13.0
681,2,5,2,37,3698,19,1,33,12.0,4.6,17,2007,,18.0
682,4,1,0,40,5780,22,0,43,47.0,4.2,-11,2021,2029,8.0
683,3,5,4,44,8520,26,1,23,48.0,8.4,1,2017,,8.0
684,2,0,4,25,3155,7,0,36,12.0,5.4,7,2003,2012,9.0
685,0,4,4,21,2996,3,1,40,1.0,1.8,19,2001,,24.0
686,2,5,2,23,4724,5,1,33,11.0,5.0,17,2021,,4.0
687,2,2,4,26,4295,8,1,35,14.0,6.0,16,2019,,6.0
688,4,0,0,37,5886,19,1,33,47.0,7.1,1,2016,,9.0
689,2,5,1,28,4025,10,1,35,18.0,5.0,9,2012,,13.0
690,3,5,1,48,9805,30,1,43,48.0,6.9,2,2021,,4.0
691,4,4,3,32,5721,14,0,39,39.0,7.9,1,2016,2018,2.0
692,4,2,0,47,6534,29,1,48,14.0,6.7,2,2011,,14.0
693,2,3,4,37,3912,19,0,47,11.0,4.6,15,2012,2015,3.0
694,4,3,1,48,6309,30,1,27,40.0,5.1,15,2003,,22.0
695,3,5,0,53,7870,35,1,43,36.0,8.2,1,2011,,14.0
696,2,1,1,39,3012,21,1,22,7.0,4.0,19,2016,,9.0
697,4,2,4,49,5607,31,0,44,40.0,4.7,19,2016,2017,1.0
698,2,0,1,37,3497,19,0,38,8.0,5.1,19,2007,2008,1.0
699,3,1,3,42,8756,24,1,20,68.0,6.9,4,2018,,7.0
700,4,1,3,30,5237,12,1,21,33.0,6.5,0,2009,,16.0
701,2,2,1,38,4117,20,1,34,6.0,3.5,17,2004,,21.0
702,3,5,0,46,9828,28,1,41,52.0,8.0,1,2005,,20.0
703,4,5,0,40,6194,22,1,47,49.0,5.1,13,2006,,19.0
704,3,5,0,39,9004,21,0,29,35.0,6.0,5,2010,2013,3.0
705,3,5,1,46,9653,28,1,37,67.0,6.4,0,2005,,20.0
706,0,3,0,18,2160,0,1,41,0.0,4.7,18,2020,,5.0
707,4,5,4,35,6647,17,0,33,45.0,7.5,3,2019,2023,4.0
708,2,3,3,22,4590,4,1,36,15.0,3.9,14,2000,,25.0
709,4,3,4,34,5848,16,0,46,20.0,7.1,3,2016,2022,6.0
710,2,5,0,35,3935,17,1,32,9.0,5.4,13,2013,,12.0
711,2,4,4,26,4490,8,0,20,13.0,6.9,3,2010,2014,4.0
712,2,0,0,22,3627,4,1,24,5.0,4.5,12,2002,,23.0
713,4,1,1,47,5142,29,0,45,16.0,6.7,3,2020,2026,6.0
714,4,3,4,45,6224,27,1,32,36.0,4.3,18,2011,,14.0
715,4,2,1,38,6203,20,1,46,24.0,5.6,6,2005,,20.0
716,0,2,1,20,2213,2,1,44,4.0,4.9,15,2014,,11.0
717,2,0,2,26,4387,8,1,33,15.0,5.2,19,2008,,17.0
718,0,2,0,20,1978,2,1,43,3.0,2.2,12,2010,,15.0
719,3,4,3,36,7564,18,0,22,55.0,6.4,3,2017,2024,7.0
720,2,2,0,36,3470,18,1,34,10.0,5.8,11,2017,,8.0
721,0,1,3,24,1883,6,0,38,3.0,3.6,8,2015,2019,4.0
722,3,1,0,38,8715,20,1,36,53.0,7.1,0,2007,,18.0
723,3,3,1,35,9973,17,1,49,58.0,8.9,0,2015,,10.0
724,2,5,4,34,3416,16,1,22,13.0,3.1,12,2020,,5.0
725,2,4,4,28,4848,10,1,35,14.0,4.2,18,2020,,5.0
726,2,3,2,36,3307,18,0,33,8.0,6.7,0,2017,2026,9.0
727,3,4,3,48,9696,30,0,31,47.0,7.0,4,2004,2008,4.0
728,2,5,3,39,4717,21,0,47,15.0,4.0,11,2011,2014,3.0
729,4,2,3,39,6390,21,1,31,25.0,6.1,3,2008,,17.0
730,3,2,1,43,8067,25,0,48,62.0,8.5,0,2015,2019,4.0
731,3,5,3,42,9786,24,0,30,58.0,6.3,1,2016,2018,2.0
732,2,3,4,31,4866,13,1,36,11.0,6.8,4,2000,,25.0
733,2,5,1,38,4121,20,1,27,16.0,6.2,2,2011,,14.0
734,2,0,0,23,4743,5,1,36,14.0,3.7,8,2021,,4.0
735,4,1,3,35,6288,17,1,40,18.0,6.8,3,2019,,6.0
736,2,3,3,26,4823,8,0,44,15.0,4.5,6,2019,2024,5.0
737,4,4,0,38,6806,20,1,42,40.0,5.6,7,2018,,7.0
738,2,0,3,26,3139,8,1,39,16.0,6.1,2,2000,,25.0
739,4,3,0,47,6504,29,0,30,12.0,7.9,4,2001,2003,2.0
740,4,5,1,49,6260,31,0,44,23.0,4.5,12,2016,2025,9.0
741,4,5,4,38,5973,20,1,44,34.0,5.7,16,2017,,8.0
742,4,5,0,46,6016,28,1,21,24.0,5.9,13,2009,,16.0
743,2,5,2,38,3952,20,0,29,6.0,4.5,10,2014,2015,1.0
744,2,4,0,33,3903,15,1,29,12.0,4.5,14,2004,,21.0
745,4,0,3,36,5071,18,1,30,23.0,4.2,6,2005,,20.0
746,2,2,1,24,4690,6,1,47,11.0,5.7,6,2005,,20.0
747,4,1,1,39,6213,21,1,25,45.0,5.7,11,2005,,20.0
748,2,4,0,23,4291,5,1,23,6.0,3.8,12,2019,,6.0
749,0,4,4,18,2844,0,1,43,2.0,4.3,12,2010,,15.0
750,2,2,2,24,3106,6,1,31,9.0,6.2,1,2014,,11.0
751,3,2,1,50,7882,32,1,30,67.0,7.5,0,2006,,19.0
752,0,1,3,19,1638,1,1,42,2.0,2.2,13,2011,,14.0
753,2,1,3,31,3614,13,1,42,11.0,5.6,17,2005,,20.0
754,4,2,4,35,6706,17,1,46,24.0,5.2,16,2008,,17.0
755,3,5,1,45,9910,27,1,45,55.0,6.7,0,2021,,4.0
756,2,4,0,28,3272,10,0,44,5.0,5.9,17,2002,2008,6.0
757,2,3,3,36,4504,18,1,32,12.0,3.2,7,2010,,15.0
758,2,1,4,27,3415,9,1,24,8.0,3.4,16,2018,,7.0
759,2,1,1,30,3505,12,1,25,17.0,3.0,13,2002,,23.0
760,2,2,1,33,3732,15,0,20,13.0,3.6,19,2010,2015,5.0
761,3,0,1,53,8748,35,1,25,30.0,6.2,2,2000,,25.0
762,4,3,1,49,6876,31,1,37,31.0,8.0,-4,2019,,6.0
763,4,3,1,32,5423,14,0,41,20.0,5.2,13,2002,2009,7.0
764,2,1,3,36,4430,18,1,28,14.0,3.6,13,2011,,14.0
765,1,5,4,41,11591,23,0,43,66.0,7.7,2,2014,2020,6.0
766,2,0,1,23,3389,5,0,44,8.0,-6.7,0,2018,2022,4.0
767,2,3,2,24,3341,6,1,48,12.0,5.1,14,2011,,14.0
768,2,1,2,27,3945,9,1,34,19.0,4.5,11,2007,,18.0
769,4,3,4,44,5613,26,1,45,35.0,7.5,0,2015,,10.0
770,2,0,0,31,4956,13,0,27,9.0,4.6,11,2018,2023,5.0
771,3,0,0,43,7492,25,1,38,42.0,7.0,3,2013,,12.0
772,2,4,0,22,3191,4,0,43,13.0,3.8,15,2014,2019,5.0
773,3,2,2,50,7498,32,0,35,40.0,7.1,3,2011,2018,7.0
774,4,2,0,35,5821,17,0,25,20.0,5.3,17,2018,2023,5.0
775,2,1,3,30,4735,12,1,48,10.0,5.7,8,2011,,14.0
776,3,0,1,38,8256,20,1,25,30.0,6.9,1,2004,,21.0
777,4,4,2,31,6968,13,1,41,15.0,6.3,1,2007,,18.0
778,2,4,4,25,3226,7,1,22,17.0,3.3,18,2014,,11.0
779,2,3,4,22,4394,4,0,29,10.0,3.8,8,2012,2013,1.0
780,2,3,1,31,3138,13,1,20,12.0,4.6,12,2021,,4.0
781,2,4,2,36,3855,18,1,47,19.0,6.7,4,2007,,18.0
782,2,3,0,37,3816,19,1,33,10.0,4.5,12,2007,,18.0
783,4,0,0,33,6172,15,0,23,46.0,6.7,0,2012,2021,9.0
784,4,5,3,31,6138,13,1,45,36.0,5.0,6,2009,,16.0
785,3,0,3,47,8473,29,1,31,43.0,6.4,3,2004,,21.0
786,0,4,0,21,2586,3,1,25,1.0,1.2,19,2008,,17.0
787,2,4,4,22,3103,4,1,30,9.0,4.2,8,2002,,23.0
788,4,0,4,46,6874,28,0,31,-45.0,4.6,16,2005,2012,7.0
789,4,3,3,42,5870,24,1,29,41.0,4.7,13,2013,,12.0
790,0,3,1,21,2167,3,0,37,1.0,4.0,7,2015,2021,6.0
791,3,2,0,41,9042,23,1,26,36.0,6.0,18,2003,,22.0
792,2,4,3,38,3272,20,1,26,14.0,5.2,10,2015,,10.0
793,2,1,3,30,4029,12,0,30,14.0,4.5,11,2021,2030,9.0
794,2,2,0,25,4170,7,1,23,6.0,5.0,12,2014,,11.0
795,1,3,0,58,14069,40,1,39,66.0,8.7,4,2012,,13.0
796,2,0,4,22,4051,4,0,20,18.0,4.3,11,2004,2007,3.0
797,0,3,1,19,2642,1,1,32,4.0,2.2,7,2016,,9.0
798,2,0,1,25,3292,7,0,37,16.0,5.9,10,2010,2011,1.0
799,2,2,0,30,4394,12,1,28,17.0,6.5,4,2005,,20.0
800,0,4,2,22,2767,4,1,45,0.0,1.8,19,2001,,24.0
801,2,3,3,35,4603,17,1,43,5.0,3.4,17,2000,,25.0
802,3,0,3,44,9224,26,1,43,62.0,8.7,3,2011,,14.0
803,2,4,0,27,4322,9,1,28,10.0,4.4,14,2017,,8.0
804,2,1,2,37,4699,19,1,42,13.0,5.2,8,2009,,16.0
805,4,0,4,35,5057,17,0,48,35.0,5.4,5,2009,2013,4.0
806,2,2,0,38,4292,20,1,28,17.0,3.5,18,2005,,20.0
807,0,1,0,19,1807,1,1,29,2.0,3.4,17,2021,,4.0
808,0,1,3,19,2811,1,0,47,3.0,3.1,11,2005,2008,3.0
809,4,5,0,47,5976,29,1,21,42.0,4.8,12,2016,,9.0
810,3,3,0,37,8251,19,1,25,66.0,7.4,1,2018,,7.0
811,0,0,0,21,2770,3,1,34,0.0,4.2,11,2009,,16.0
812,2,1,3,36,3699,18,0,22,18.0,5.4,10,2004,2010,6.0
813,3,5,4,49,8517,31,0,30,37.0,6.3,4,2015,2023,8.0
814,0,2,4,21,1582,3,0,25,0.0,3.2,17,2011,2014,3.0
815,2,4,0,30,4209,12,1,22,19.0,5.8,8,2010,,15.0
816,2,0,3,38,3251,20,0,43,12.0,6.2,1,2001,2010,9.0
817,2,1,4,32,4378,14,1,30,5.0,5.5,14,2013,,12.0
818,4,3,4,38,6773,20,0,34,21.0,4.6,10,2005,2013,8.0
819,3,5,4,44,8719,26,1,32,34.0,8.1,4,2003,,22.0
820,4,1,3,47,5795,29,1,39,33.0,6.7,1,2001,,24.0
821,2,3,3,34,3896,16,1,47,10.0,3.1,14,2001,,24.0
822,1,1,0,47,11961,29,0,29,74.0,8.2,3,2011,2015,4.0
823,4,0,1,36,5209,18,1,25,10.0,5.3,19,2009,,16.0
824,4,0,4,46,5815,28,0,34,34.0,6.7,2,2005,2009,4.0
825,2,0,1,36,4831,18,1,44,5.0,3.9,13,2021,,4.0
826,0,2,3,21,2108,3,1,37,1.0,3.4,15,2011,,14.0
827,4,2,3,44,5446,26,0,37,12.0,7.7,1,2003,2008,5.0
828,4,5,3,30,5459,12,1,26,28.0,7.2,4,2015,,10.0
829,2,0,1,35,3967,17,1,34,16.0,6.7,0,2017,,8.0
830,4,3,3,34,5471,16,0,37,38.0,7.9,0,2016,2018,2.0
831,4,1,0,40,6743,22,1,37,11.0,4.0,17,2000,,25.0
832,4,4,3,45,5369,27,0,39,18.0,6.5,0,2015,2019,4.0
833,3,3,2,36,9947,18,1,28,46.0,7.2,4,2007,,18.0
834,3,2,1,42,7922,24,1,43,65.0,8.6,0,2009,,16.0
835,4,2,2,40,5136,22,0,21,26.0,5.0,11,2015,2022,7.0
836,4,3,3,47,5366,29,1,27,21.0,7.9,2,2016,,9.0
837,0,2,0,20,2411,2,1,39,3.0,3.5,11,2020,,5.0
838,4,0,4,30,5183,12,1,21,29.0,7.2,0,2006,,19.0
839,2,5,3,32,4611,14,1,30,6.0,3.3,8,2002,,23.0
840,2,1,0,37,4310,19,1,45,7.0,3.7,17,2009,,16.0
841,1,5,1,57,11398,39,1,26,92.0,9.3,0,2021,,4.0
842,2,1,2,37,3653,19,1,25,13.0,3.1,10,2002,,23.0
843,3,1,2,44,9796,26,1,49,33.0,8.5,4,2017,,8.0
844,0,5,2,19,2036,1,1,29,0.0,1.1,8,2000,,25.0
845,3,3,1,40,9849,22,1,24,66.0,8.0,0,2012,,13.0
846,4,1,0,48,6602,30,1,30,24.0,5.5,13,2002,,23.0
847,3,5,1,38,8273,20,1,20,62.0,7.8,3,2002,,23.0
848,0,1,2,20,2419,2,1,21,2.0,3.8,8,2021,,4.0
849,2,4,3,34,3509,16,1,43,11.0,4.4,16,2015,,10.0
850,2,3,4,35,3629,17,1,20,8.0,3.4,10,2019,,6.0
851,3,0,1,37,8096,19,1,38,67.0,6.2,4,2020,,5.0
852,2,1,1,31,4305,13,1,21,12.0,5.4,11,2007,,18.0
853,4,4,0,35,5915,17,0,40,25.0,6.1,3,2006,2014,8.0
854,2,0,0,22,4983,4,1,39,18.0,6.0,17,2009,,16.0
855,4,0,1,43,6383,25,1,48,43.0,6.0,15,2002,,23.0
856,3,1,2,42,7151,24,1,42,30.0,7.3,0,2012,,13.0
857,1,5,4,58,11028,40,0,40,73.0,8.2,0,2000,2007,7.0
858,4,1,0,43,6218,25,0,43,33.0,4.1,12,2008,2016,8.0
859,2,4,2,31,4977,13,1,23,13.0,4.3,14,2013,,12.0
860,3,0,3,51,9511,33,1,31,51.0,8.9,2,2004,,21.0
861,2,1,0,30,4136,12,0,41,16.0,6.5,3,2020,2028,8.0
862,4,5,2,35,5270,17,1,39,26.0,5.3,16,2006,,19.0
863,2,1,2,32,4186,14,1,37,18.0,5.4,19,2008,,17.0
864,4,3,4,36,5459,18,0,20,34.0,7.4,2,2013,2022,9.0
865,4,5,4,46,5104,28,1,49,37.0,5.8,16,2017,,8.0
866,2,4,3,22,4716,4,1,49,17.0,3.1,6,2012,,13.0
867,3,0,2,39,8710,21,1,20,44.0,6.2,4,2016,,9.0
868,3,1,2,43,9209,25,1,43,59.0,7.5,0,2020,,5.0
869,2,5,4,39,3350,21,1,33,7.0,6.9,2,2002,,23.0
870,0,3,0,20,1933,2,1,23,2.0,3.8,5,2017,,8.0
871,4,5,0,31,5851,13,1,24,31.0,4.3,17,2007,,18.0
872,4,2,1,40,5139,22,0,30,19.0,4.8,7,2001,2008,7.0
873,2,3,4,27,4494,9,0,43,17.0,6.1,4,2015,2022,7.0
874,4,4,1,37,6155,19,1,47,40.0,7.4,3,2020,,5.0
875,1,0,4,43,14182,25,1,42,76.0,8.9,3,2018,,7.0
876,3,4,3,52,8711,34,0,32,41.0,7.9,3,2020,2025,5.0
877,2,1,2,32,3182,14,1,35,18.0,3.1,9,2000,,25.0
878,2,5,3,26,3367,8,0,43,19.0,6.3,4,2001,2003,2.0
879,1,2,4,54,10128,36,1,32,81.0,9.4,4,2012,,13.0
880,4,3,2,47,6269,29,1,43,41.0,5.0,5,2020,,5.0
881,4,3,0,31,6624,13,1,41,44.0,6.8,4,2008,,17.0
882,2,5,0,32,4601,14,1,45,9.0,3.9,8,2017,,8.0
883,1,2,1,64,14765,46,0,21,95.0,-7.1,1,2020,2023,3.0
884,3,5,4,47,7148,29,1,35,50.0,6.6,4,2009,,16.0
885,2,1,4,25,3984,7,0,25,14.0,3.7,6,2020,2022,2.0
886,3,4,0,41,7851,23,1,33,45.0,7.0,3,2005,,20.0
887,2,3,3,32,4456,14,0,20,11.0,4.7,17,2010,2012,2.0
888,4,1,2,33,5627,15,1,36,13.0,6.0,5,2019,,6.0
889,3,4,3,49,8492,31,1,30,56.0,7.4,0,2003,,22.0
890,4,1,3,30,5445,12,1,38,34.0,5.1,19,2012,,13.0
891,2,2,0,24,4504,6,1,22,19.0,3.1,6,2012,,13.0
892,2,3,0,35,3883,17,1,30,15.0,5.4,10,2004,,21.0
893,2,5,0,27,3293,9,0,48,8.0,4.6,5,2001,2002,1.0
894,4,5,1,47,6788,29,0,24,45.0,5.2,5,2015,2017,2.0
895,2,4,3,22,4166,4,1,36,10.0,6.5,0,2012,,13.0
896,4,0,4,35,5249,17,0,45,26.0,7.0,3,2009,2010,1.0
897,4,2,2,35,5877,17,0,41,20.0,7.4,0,2013,2021,8.0
898,2,4,1,37,3947,19,1,26,18.0,5.0,15,2016,,9.0
899,1,0,4,44,10974,26,1,29,84.0,7.4,4,2013,,12.0
900,3,1,3,51,8325,33,1,47,67.0,8.1,0,2001,,24.0
901,4,2,0,39,6048,21,1,48,31.0,4.8,10,2007,,18.0
902,1,1,3,60,10983,42,1,30,92.0,8.3,0,2016,,9.0
903,3,3,2,52,7888,34,0,22,56.0,6.2,0,2019,2022,3.0
904,2,2,1,28,3889,10,1,39,9.0,6.3,2,2003,,22.0
905,4,0,1,32,6924,14,1,29,44.0,4.5,5,2002,,23.0
906,2,3,2,34,3069,16,1,46,8.0,6.6,0,2004,,21.0
907,2,5,4,36,3624,18,0,29,9.0,6.5,4,2002,2010,8.0
908,4,0,4,49,5874,31,1,33,35.0,5.9,18,2001,,24.0
909,4,4,1,48,6135,30,0,31,45.0,7.0,2,2012,2017,5.0
910,4,5,1,32,6387,14,0,34,28.0,6.5,2,2001,2010,9.0
911,2,5,0,25,4326,7,0,29,14.0,6.2,0,2001,2009,8.0
912,4,4,4,34,5470,16,1,49,26.0,5.7,18,2003,,22.0
913,2,2,2,22,4987,4,1,29,17.0,6.1,2,2021,,4.0
914,4,5,4,33,5090,15,1,45,35.0,5.8,11,2005,,20.0
915,2,0,0,33,3529,15,1,38,10.0,6.8,1,2018,,7.0
916,4,3,1,39,5660,21,1,20,37.0,5.9,7,2020,,5.0
917,4,5,1,49,5738,31,0,43,10.0,5.9,7,2012,2015,3.0
918,0,0,0,18,2225,0,0,48,3.0,4.1,7,2017,2025,8.0
919,2,1,2,34,3871,16,1,45,8.0,6.3,3,2012,,13.0
920,3,0,1,48,8686,30,1,29,66.0,7.7,3,2021,,4.0
921,2,3,3,26,3191,8,1,21,6.0,3.7,8,2010,,15.0
922,4,0,1,33,6986,15,0,36,26.0,5.9,7,2002,2008,6.0
923,2,4,3,35,4575,17,0,49,12.0,6.9,1,2011,2013,2.0
924,2,3,0,31,4265,13,0,43,10.0,6.0,15,2006,2011,5.0
925,4,2,0,46,5137,28,1,26,30.0,7.2,0,2016,,9.0
926,1,1,1,49,14440,31,1,26,58.0,7.1,1,2002,,23.0
927,4,4,4,36,6203,18,1,39,22.0,5.9,8,2015,,10.0
928,2,2,3,37,4008,19,1,46,15.0,5.6,12,2016,,9.0
929,2,0,2,22,4735,4,1,28,17.0,6.3,4,2014,,11.0
930,4,3,1,46,5502,28,1,41,25.0,4.2,11,2015,,10.0
931,3,1,2,43,7202,25,0,21,45.0,8.6,1,2005,2010,5.0
932,2,4,1,27,3572,9,1,33,15.0,5.2,8,2012,,13.0
933,0,2,4,20,1691,2,1,36,1.0,1.8,14,2021,,4.0
934,2,2,4,34,3004,16,0,20,14.0,4.3,14,2014,2019,5.0
935,3,1,4,37,8913,19,1,28,37.0,6.8,2,2001,,24.0
936,4,0,4,36,6260,18,1,39,22.0,6.1,0,2003,,22.0
937,1,1,0,61,11716,43,1,40,66.0,7.2,4,2007,,18.0
938,0,2,0,18,1810,0,1,38,2.0,1.6,8,2009,,16.0
939,3,5,3,39,9596,21,1,23,59.0,8.4,1,2001,,24.0
940,2,4,2,31,3055,13,1,47,0.0,3.5,17,2021,,4.0
941,4,1,1,46,5442,28,0,27,22.0,4.9,6,2020,2025,5.0
942,2,2,1,33,4260,15,0,32,7.0,4.8,10,2008,2014,6.0
943,2,0,0,37,3869,19,0,23,11.0,5.1,5,2017,2018,1.0
944,2,2,1,24,4884,6,0,28,13.0,6.1,4,2012,2016,4.0
945,4,0,0,38,6220,20,1,28,28.0,5.8,16,2015,,10.0
946,1,1,3,54,10584,36,1,41,94.0,9.4,1,2009,,16.0
947,3,0,2,39,8594,21,0,37,69.0,7.9,0,2012,2017,5.0
948,0,3,3,24,2251,6,1,31,1.0,1.5,18,2013,,12.0
949,2,3,4,34,4537,16,0,29,17.0,3.6,12,2011,2018,7.0
950,2,3,4,35,4472,17,1,30,11.0,4.7,9,2019,,6.0
951,2,5,4,36,3359,18,0,26,6.0,4.6,10,2020,2027,7.0
952,2,1,3,37,4723,19,1,28,6.0,6.0,6,2010,,15.0
953,3,2,1,47,9866,29,0,25,40.0,7.7,1,2018,2026,8.0
954,0,2,2,18,1529,0,1,38,0.0,2.6,16,2021,,4.0
955,4,5,4,37,6802,19,1,35,23.0,4.7,1300,2003,,22.0
956,4,0,4,31,5107,13,1,49,25.0,4.9,7,2020,,5.0
957,2,5,4,26,3843,8,0,34,15.0,5.3,10,2014,2015,1.0
959,3,0,4,46,8625,28,0,35,36.0,7.5,4,2017,2022,5.0
960,2,4,2,39,3716,21,1,24,19.0,3.7,18,2017,,8.0
961,3,2,4,35,7890,17,0,35,43.0,8.0,3,2016,2020,4.0
962,2,3,3,38,4991,20,1,20,16.0,6.4,3,2015,,10.0
963,4,0,3,40,6982,22,1,38,25.0,5.0,14,2019,,6.0
964,4,4,2,39,5959,21,1,24,28.0,6.0,6,2001,,24.0
965,4,2,3,48,6468,30,1,26,26.0,7.9,1,2011,,14.0
966,4,3,2,43,5892,25,0,38,35.0,5.3,11,2004,2006,2.0
967,2,0,3,31,4461,13,0,41,10.0,0.4,15,2017,2019,2.0
968,4,0,3,44,5731,26,1,24,18.0,4.4,6,2000,,25.0
969,2,5,2,25,4913,7,1,48,6.0,5.4,10,2006,,19.0
970,4,5,1,31,5605,13,0,36,26.0,4.4,18,2001,2005,4.0
971,2,2,3,30,3456,12,0,45,19.0,6.8,0,2005,2010,5.0
972,0,3,4,19,2114,1,1,41,3.0,3.9,9,2007,,18.0
973,2,0,1,32,4758,14,0,49,11.0,1.2,1,2014,2021,7.0
974,4,2,2,43,5697,25,1,27,14.0,6.8,2,2010,,15.0
975,1,2,1,46,11719,28,1,48,92.0,8.8,4,2017,,8.0
976,4,1,0,44,6518,26,0,48,45.0,5.8,12,2012,2020,8.0
977,2,5,0,36,3673,18,0,20,15.0,-6.4,3,2019,2024,5.0
978,3,3,3,42,8270,24,0,21,65.0,8.9,1,2004,2007,3.0
979,4,0,3,40,5542,22,1,49,12.0,6.0,10,2010,,15.0
980,2,2,4,30,4587,12,1,34,14.0,6.7,4,2007,,18.0
981,4,0,1,44,5856,26,1,39,33.0,6.3,3,2000,,25.0
982,2,1,0,22,4611,4,1,47,11.0,5.2,19,2003,,22.0
983,3,3,3,35,7896,17,1,37,46.0,7.4,2,2010,,15.0
984,3,2,1,53,8462,35,0,30,68.0,6.6,0,2007,2010,3.0
985,2,0,3,24,3277,6,0,44,-14.0,3.0,19,2021,2027,6.0
986,4,5,3,39,5551,21,1,29,13.0,5.0,6,2014,,11.0
987,2,1,0,29,4636,11,0,43,11.0,5.0,5,2015,2017,2.0
988,4,3,0,44,5110,26,0,43,21.0,5.5,15,2021,2029,8.0
989,4,1,3,39,5384,21,1,23,10.0,5.8,17,2005,,20.0
990,2,5,2,22,4856,4,1,24,9.0,6.9,4,2016,,9.0
991,2,3,3,39,3760,21,1,23,7.0,4.4,15,2020,,5.0
992,2,1,3,23,4214,5,1,32,9.0,4.8,10,2004,,21.0
993,4,4,4,48,6513,30,0,44,27.0,4.5,7,2021,2025,4.0
994,2,5,4,34,3693,16,1,32,15.0,3.2,12,2002,,23.0
995,4,5,4,30,6449,12,0,37,12.0,7.1,1,2000,2003,3.0
996,3,5,2,36,7404,18,1,48,61.0,7.7,3,2009,,16.0
997,0,4,2,22,2858,4,1,46,1.0,4.0,11,2002,,23.0
998,3,4,3,50,8232,32,0,43,69.0,6.4,0,2003,2005,2.0
999,0,0,4,24,1521,6,1,21,4.0,3.3,13,2001,,24.0
1000,4,2,2,42,5677,24,0,35,13.0,5.0,17,2002,2011,9.0
