ID,Categoria,Departamento,Sucursal,Edad,Salario,Fecha_Contratacion,Fecha_Fin_Contrato,Anios_Experiencia,Activo,Horas_Trabajadas,Proyectos_Completados,Nivel_Satisfaccion,Dias_Ausencias
1,Senior,Finanzas,Norte,46,5559,2007-04-12,,28,1,27,42.0,5.6,14
2,Becario,Logística,Este,22,2956,20050721,,4,1,23,1.0,2.7,19
3,Junior,RRHH,Norte,35,3244,dos de septiembre de dos mil catorce,,17,1,46,7.0,4.9,10
4,J,Marketing,Sur,33,3831,2016-11-03,,15,1,23,13.0,4.5,15
5,M,Ventas,Sur,46,9972,2018-09-28,,28,1,24,57.0,6.3,1
6,Manager,Marketing,Este,45,7294,2010-04-16,,27,0,20,64.0,6.9,3
7,Manager,Logística,Oeste,41,9687,2016-03-01,2021-02-28,23,0,36,68.0,8.0,2
8,Junior,Logística,Este,25,3855,2012-08-29,2018-08-28,7,0,21,17.0,5.7,15
9,Junior,Ventas,Norte,22,4305,2005-07-30,2007-07-30,4,1,49,14.0,4.1,9
10,Junior,IT,Este,24,3016,2007-04-03,,6,1,27,5.0,4.8,17
11,Director,Ventas,Centro,52,14166,2015-10-21,2022-10-19,34,0,26,91.0,7.6,0
12,B,Finanzas,Norte,24,2792,2001-10-18,,6,1,34,4.0,1.8,17
13,Junior,RRHH,Norte,23,4348,2000-06-14,,5,1,45,13.0,3.1,19
14,Senior,IT,Oeste,40,6817,2013-07-15,2018-07-14,22,0,44,24.0,7.6,2
15,Manager,Ventas,Sur,38,7304,2012-07-27,,20,0,24,64.0,6.6,4
16,Manager,Marketing,Norte,53,8030,2001-08-12,,35,1,21,34.0,6.7,0
17,Senior,IT,Sur,46,6337,2012-05-21,2014-05-21,28,0,26,31.0,5.1,12
18,Junior,IT,Este,24,3816,2007-09-22,,6,1,27,13.0,3.5,12
19,Senior,Ventas,Centro,47,6126,2011-08-29,,29,1,47,32.0,6.6,3
20,Senior,IT,Oeste,37,5820,2017-10-27,,19,1,26,16.0,4.3,18
21,Junior,Marketing,Sur,26,3192,2021-01-23,,8,1,49,12.0,3.5,17
22,Manager,Logística,Norte,41,8776,2003-06-16,,23,1,26,52.0,7.9,2
23,Senior,IT,Sur,37,6597,2000-03-12,,19,1,47,34.0,5.4,8
24,Senior,Logística,Norte,34,5528,2009-08-17,2015-08-16,16,0,33,36.0,6.8,2
25,Senior,Marketing,Sur,46,5170,2013-01-02,,28,1,40,15.0,6.2,3
26,Junior,Ventas,Norte,26,4560,2021-11-15,,8,1,37,11.0,4.0,19
27,Manager,RRHH,Este,38,7250,2009-10-20,2018-10-18,20,0,25,63.0,8.0,2
28,Junior,IT,Norte,23,4788,2021-10-19,,5,1,23,19.0,3.5,9
29,Junior,RRHH,Norte,32,4410,2000-09-25,,14,1,29,13.0,5.1,17
30,Director,Marketing,Centro,61,13700,2004-11-11,,43,1,37,98.0,8.3,0
31,Junior,IT,Norte,34,3415,2006-09-28,,16,1,31,5.0,4.1,16
32,Manager,Logística,Centro,49,9841,2003-06-22,,31,1,35,35.0,7.8,0
33,Manager,Finanzas,Oeste,46,8403,2002-10-12,,28,1,44,66.0,8.6,1
34,Becario,RRHH,Centro,23,2667,2007-06-15,,5,1,26,1.0,5.0,17
35,Becario,IT,Este,22,1524,2002-12-19,,4,1,25,0.0,3.4,16
36,Junior.,RRHH,Centro,32,4845,2011-03-25,,14,1,47,18.0,4.6,18
37,Senior,IT,Oeste,36,5667,2021-07-25,,18,1,24,38.0,4.9,5
38,Manager,Ventas,Este,39,8096,xxxx,,21,1,22,43.0,6.8,0
39,Junior,Logística,Sur,38,3631,2018-05-19,,20,1,31,8.0,4.9,6
40,Senior,RRHH,Sur,49,6847,2021-11-10,,31,1,34,45.0,5.5,11
41,Manager,Finanzas,Centro,43,7504,2001-02-10,,25,1,29,44.0,8.7,0
42,Senior,Finanzas,Centro,43,6621,2020-03-20,2023-03-20,25,0,45,17.0,5.5,19
43,Director,Marketing,Oeste,51,12472,2016-07-24,,33,1,39,75.0,8.1,2
44,Becario,IT,Oeste,23,1998,2016-11-21,,5,1,38,3.0,2.5,11
45,senior,RRHH,Norte,46,6387,2021-11-08,2027-11-07,28,0,35,30.0,7.3,4
46,Junior,Marketing,Oeste,37,3946,2008-06-03,,19,1,47,16.0,5.6,13
47,Senior,RRHH,Norte,41,5629,2002-09-12,,23,1,30,13.0,6.5,0
48,Junior,IT,Este,33,4768,2009-11-12,,15,1,27,18.0,4.3,14
49,Junior,Finanzas,Centro,27,4222,2012-04-12,2020-04-10,9,0,22,10.0,6.3,2
50,Manager,Ventas,Este,38,7717,2001-12-10,,20,1,42,41.0,6.1,0
51,Becario,Finanzas,Oeste,23,2936,2007-03-03,,5,1,26,2.0,4.5,12
52,Junior,Marketing,Este,32,3338,2015-03-30,2019-03-29,14,0,42,12.0,5.1,17
53,Becario,Logística,Este,18,2158,2013-04-11,,0,1,48,1.0,2.6,11
54,Junior,Ventas,Este,36,3961,2017-03-21,,18,1,26,9.0,5.0,17
55,Junior,Marketing,Oeste,32,4960,2003-11-12,2008-11-10,14,0,33,17.0,5.7,19
56,Becario,IT,Este,18,1928,2018-12-20,,0,1,21,1.0,1.1,12
57,Manager,Ventas,Norte,53,7898,2014-09-12,,35,1,29,39.0,8.6,0
58,Manager,Marketing,Oeste,52,7138,2012-08-26,,34,1,38,68.0,7.3,2
59,Director,IT,Este,56,13764,2004-01-25,2007-01-24,38,0,45,67.0,8.0,4
60,Senior,Finanzas,Oeste,48,5941,2016-11-08,2025-11-06,30,0,28,10.0,4.6,18
61,Senior,Logística,Sur,43,5541,2008-01-29,2013-01-27,25,0,35,48.0,5.8,9
62,Senior,IT,Norte,47,5056,2017-11-14,,29,1,38,30.0,6.0,11
63,Junior,RRHH,Este,36,4255,2012-09-25,,18,1,37,5.0,4.6,19
64,Senior,IT,Sur,44,5657,2008-01-13,2015-01-11,26,0,28,24.0,6.7,2
65,Senior,IT,Sur,33,5434,2020-09-18,2026-09-17,15,0,35,13.0,5.7,19
66,Junior,Logística,Oeste,28,3383,2011-04-07,,10,1,32,16.0,6.8,2
67,Manager,RRHH,Sur,47,9607,2012-10-14,,29,0,29,49.0,7.8,0
68,Junior,Marketing,Norte,24,3193,2020-12-19,,6,1,44,14.0,6.2,3
69,Manager,Marketing,Norte,50,9581,2018-11-16,,32,1,39,52.0,6.3,1
70,Becario,IT,Centro,24,2017,2002-09-30,,6,1,33,0.0,2.6,16
71,Junior,RRHH,Norte,30,3715,2006-10-02,2011-10-01,12,0,31,6.0,4.3,8
72,Manager,RRHH,Sur,42,9798,2020-07-18,,24,1,44,62.0,7.7,4
73,Director,Logística,Norte,59,12339,2006-10-02,,41,1,38,83.0,9.6,2
74,Junior,Finanzas,Oeste,34,4358,2005-04-22,,16,1,26,11.0,3.3,17
75,Junior,Marketing,Centro,38,3731,2005-04-23,,20,1,42,17.0,3.3,18
76,Junior,Logística,Sur,38,3115,2004-06-23,2013-06-21,20,0,34,14.0,6.4,1
77,Junior,Ventas,Centro,38,3824,2004-08-25,2006-08-25,20,0,35,10.0,3.9,10
78,Manager,Marketing,Sur,35,7684,2017-02-25,,17,1,46,49.0,8.0,0
79,Senior,Logística,Oeste,37,5081,2012-05-24,2013-05-24,19,0,27,10.0,6.2,1
80,Manager,Marketing,Centro,53,9881,2005-09-22,2014-09-20,35,0,29,42.0,8.5,4
81,Junior,Finanzas,Este,27,3332,2005-03-10,2009-03-09,9,0,23,5.0,3.5,11
82,Junior,Ventas,Sur,24,3556,2016-07-14,2025-07-12,6,0,38,9.0,3.5,19
83,Senior,Finanzas,Este,34,5334,2014-11-19,,16,1,38,25.0,6.2,4
84,Manager,Ventas,Centro,47,7531,2017-11-11,2023-11-10,29,0,47,44.0,8.8,4
85,Senior,IT,Este,44,6983,2011-08-11,,26,1,40,37.0,5.7,17
86,Senior,Logística,Este,43,5220,2009-04-21,,25,1,46,40.0,5.3,16
87,Junior,Ventas,Centro,37,3634,2017-10-24,,19,1,34,11.0,5.4,13
88,Junior,Finanzas,W,39,4769,2002-12-09,2004-12-08,21,0,33,17.0,6.7,3
89,Junior,Marketing,Este,32,4756,2014-03-12,,14,1,20,15.0,6.3,4
90,Senior,Ventas,Este,32,5322,2006-07-30,2009-07-29,14,0,35,26.0,8.0,2
91,Manager,Logística,Oeste,44,8874,2013-05-27,,26,1,29,63.0,6.1,3
92,Junior,Ventas,Este,31,3002,2020-01-27,,13,1,38,17.0,3.5,9
93,Junior,RRHH,Este,37,4717,2008-10-17,,19,1,49,18.0,5.4,11
94,Junior,Marketing,Este,33,3205,2011-01-20,,15,1,41,15.0,6.3,4
95,Junior,Logística,Norte,23,4855,2019-01-30,,5,1,22,16.0,4.1,13
96,Senior,Logística,Oeste,38,5039,2003-02-25,,20,1,24,41.0,5.0,18
97,Junior,IT,Este,24,3058,2006-09-11,,6,1,28,7.0,6.1,1
98,senior,Finanzas,Oeste,44,5950,2005-05-10,,26,1,37,40.0,4.2,16
99,Director,IT,Sur,42,12621,2019-03-25,,24,1,30,66.0,8.1,3
100,Manager,Logística,Sur,53,7643,2012-06-24,,35,1,35,38.0,7.5,3
101,Director,Marketing,Este,57,12890,2016-01-27,,39,1,21,59.0,8.7,4
102,Junior,Ventas,Oeste,29,4145,2016-10-24,,11,1,31,12.0,5.9,12
103,Senior,Ventas,Oeste,46,6502,2010-09-12,,28,1,41,30.0,5.4,5
104,Junior,Marketing,Oeste,29,3618,2002-03-18,,11,1,25,17.0,5.5,12
105,Becario,Logística,Norte,24,1595,2000-07-05,2009-07-03,6,0,30,2.0,3.3,9
106,Senior,Ventas,Sur,36,6882,2015-12-27,,18,1,46,14.0,6.2,4
107,Senior,Ventas,Oeste,32,6437,2013-03-20,2019-03-19,14,0,27,15.0,6.6,2
108,Junior,Ventas,Oeste,22,4258,2016-07-06,,4,1,31,18.0,4.0,5
109,Senior,Finanzas,Norte,33,5897,2014-07-15,2016-07-14,15,0,48,40.0,4.3,8
110,Manager,Finanzas,Norte,39,8085,2015-01-29,2017-01-28,21,0,46,46.0,6.4,1
111,Senior,RRHH,Oeste,30,6279,2012-05-21,,12,1,49,20.0,4.9,8
112,Manager,IT,Centro,49,9608,2019-03-03,,31,1,21,49.0,7.5,4
113,Becario,Marketing,Oeste,22,2404,2003-07-31,2005-07-30,4,0,28,0.0,4.4,5
114,Junior,Marketing,Oeste,34,3347,2021-12-27,,16,1,34,6.0,5.8,11
115,Junior,Marketing,Norte,29,3670,2006-04-03,2013-04-01,11,0,21,9.0,6.2,0
116,Junior,RRHH,Norte,29,4147,2014-07-19,2017-07-18,11,0,48,5.0,4.4,13
117,Junior,Finanzas,Oeste,26,4505,2014-10-20,,8,1,20,8.0,4.6,7
118,Manager,Logística,Oeste,43,9364,2013-04-28,,25,1,29,65.0,7.2,3
119,Junior,Logística,O,22,4527,2002-01-27,2007-01-26,4,0,21,10.0,3.8,7
120,Junior,RRHH,Norte,25,3718,2011-08-02,,7,1,31,14.0,3.2,19
121,Junior,Logística,Oeste,24,4071,2013-05-19,2021-05-17,6,0,42,13.0,5.4,19
122,Junior,Marketing,Oeste,23,4432,2010-07-21,,5,1,27,7.0,7.0,1
123,Senior,IT,E,37,6955,2011-09-06,,19,0,24,18.0,4.7,10
124,Manager,Ventas,Centro,43,8159,2006-01-15,,25,1,41,51.0,6.1,4
125,Senior,Finanzas,Sur,31,6224,2017-05-15,,13,1,47,32.0,7.1,2
126,Senior,Finanzas,Centro,43,5249,2009-09-28,,25,1,20,21.0,5.0,15
127,Junior,RRHH,Este,35,3313,2004-04-29,,17,1,34,14.0,6.3,4
128,junior,Finanzas,Sur,25,4892,2012-08-19,2010-08-17,7,0,25,6.0,5.8,5
129,Director,Marketing,Oeste,45,13439,2010-07-14,,27,1,31,92.0,9.8,4
130,Junior,Logística,Este,32,4452,2018-06-01,,14,1,27,14.0,4.6,16
131,Senior,Marketing,Oeste,32,6853,2009-10-15,2011-10-15,14,0,32,39.0,6.6,4
132,Senior,RRHH,Norte,37,5806,2002-05-25,2009-05-23,19,0,38,31.0,5.9,5
133,Manager,Marketing,Este,37,8503,2006-08-15,,19,1,-46,35.0,7.9,4
134,Senior,Logística,Norte,43,6337,2011-06-30,,25,1,20,11.0,5.8,7
135,Becario,IT,Este,21,2878,2002-09-28,2006-09-27,3,0,30,1.0,1.8,6
136,Senior,RRHH,Este,42,5484,2014-05-11,2014-05-12,24,0,39,41.0,6.0,15
137,Junior,IT,Norte,34,4234,2009-04-07,,16,1,20,14.0,5.1,12
138,Junior,Ventas,Sur,23,4727,2019-06-29,,5,1,49,16.0,6.2,1
139,Senior,IT,Centro,42,5043,2011-02-18,,24,0,27,10.0,6.9,4
140,Becario,Ventas,Oeste,22,2070,2007-10-16,,4,1,24,4.0,3.7,16
141,Becario,Ventas,Este,20,2082,2004-01-21,2012-01-19,2,0,36,1.0,1.5,17
142,Senior,IT,Oeste,35,6115,2009-01-14,,17,1,49,22.0,6.9,0
143,Senior,RRHH,Norte,45,6288,2001-10-19,,27,1,27,24.0,6.0,9
144,Senior,Logística,Oeste,31,5894,2019-03-27,,13,0,44,17.0,7.6,1
145,Senior,Marketing,Norte,37,5219,2014-07-22,2020-07-20,19,0,29,19.0,7.7,2
146,Director,Marketing,Oeste,56,11925,2007-08-12,,38,1,21,95.0,7.2,3
147,Junior,Logística,Centro,23,3924,2001-02-26,,5,1,28,9.0,6.3,4
148,Junior,Ventas,Centro,31,4465,2018-05-21,,13,1,43,6.0,3.2,17
149,Manager,Ventas,Centro,50,9448,2010-01-29,,32,1,42,48.0,7.1,2
150,Senior,RRHH,Centro,35,6423,2011-09-06,2017-09-04,17,0,22,47.0,6.2,3
151,Becario,Finanzas,Centro,21,2226,2020-09-01,,3,1,37,2.0,1.6,18
152,Senior,IT,Centro,31,5990,2017-04-17,,13,1,26,20.0,7.0,4
153,Manager,Ventas,Norte,36,9946,2007-06-03,,18,1,34,49.0,6.0,9
154,Senior,Marketing,Este,42,6812,2001-03-28,,24,1,40,29.0,4.7,10
155,Becario,RRHH,Oeste,24,2357,2006-07-25,,6,1,41,4.0,3.3,11
156,Senior,IT,Centro,31,5803,2005-05-29,,13,1,39,27.0,6.9,1
157,Junior,RRHH,Norte,28,3489,2004-07-15,,10,1,37,13.0,6.7,1
158,Junior,IT,Norte,24,4508,2006-12-16,2013-12-14,6,0,44,6.0,5.8,12
159,Senior,IT,Norte,37,6780,2018-07-08,,19,1,22,19.0,6.7,0
160,Junior,Logística,Este,35,4493,2008-06-02,,17,1,47,6.0,4.6,15
161,Senior,Ventas,Oeste,36,6597,2008-08-30,,18,1,49,35.0,4.0,8
162,Junior,RRHH,Este,28,3937,2008-02-14,,10,1,42,18.0,3.5,9
163,Junior,RRHH,Sur,22,3843,2005-08-15,,4,1,33,13.0,5.1,19
164,Junior,Logística,Norte,38,4705,2000-10-14,,20,1,43,18.0,5.7,9
165,Manager,Marketing,Sur,43,9314,2015-09-16,,25,1,21,60.0,7.3,0
166,Junior,Marketing,Centro,34,3053,2008-10-22,,16,1,33,14.0,5.9,11
167,Senior,Ventas,Centro,48,5527,2010-07-21,,30,1,41,13.0,6.1,4
168,Manager,Ventas,Este,53,7615,2003-12-18,2010-12-16,35,0,30,35.0,6.2,2
169,Director,Finanzas,Oeste,64,10954,2016-06-14,2018-06-14,46,0,35,63.0,7.6,0
170,Junior,Logística,Sur,38,3385,2001-08-30,,20,1,27,8.0,6.4,2
171,Junior,Marketing,Oeste,31,4629,2012-06-18,2015-06-18,13,0,26,14.0,5.9,13
172,Director,IT,Este,49,12781,2004-10-30,2012-10-28,31,0,30,96.0,9.7,4
173,Junior,RRHH,Centro,25,3715,2003-05-10,,7,1,22,11.0,3.5,13
174,Senior,Vent@s,Oeste,37,5649,2003-05-20,,19,1,36,26.0,8.0,1
175,Junior,RRHH,Oeste,39,3299,2002-10-26,,21,1,33,7.0,3.8,19
176,Manager,RRH,Centro,48,7394,2 0 0 3 / 2 0,,30,1,25,35.0,6.0,16
177,Junior,Finanzas,Sur,39,4230,2017-11-06,,21,1,27,19.0,7.0,4
178,Senior,Marketing,Centro,43,6359,2010-11-06,,25,1,41,38.0,5.1,18
179,Becario,Ventas,Oeste,21,2092,2012-06-08,2017-06-07,3,0,24,2.0,3.7,8
180,Manager,RRHH,Sur,49,9561,2013-07-01,,31,1,46,45.0,6.5,4
181,Senior,Ventas,Sur,33,6201,2008-09-12,,15,1,47,39.0,6.3,3
182,Manager,IT,Centro,47,9443,2010-03-11,,29,1,27,54.0,8.7,1
183,Becario,Finanzas,Oeste,20,1870,2013-06-07,,2,1,21,2.0,2.3,16
184,Junior,IT,Este,29,3857,2015-02-11,,11,1,34,11.0,5.7,5
185,Senior,Ventas,Oeste,47,5790,2019-11-20,2023-11-19,29,0,31,35.0,4.8,12
186,Junior,Ventas,Norte,33,3657,2015-01-29,,15,1,36,12.0,5.5,8
187,Junior,Marketing,Este,35,4341,2013-11-02,,17,1,20,10.0,4.3,9
188,Junior,RRHH,Sur,23,3735,2004-01-15,,5,1,34,13.0,3.8,10
189,Junior,RRHH,Este,39,4392,2007-12-06,2008-12-05,21,0,33,7.0,4.3,18
190,Senior,IT,Sur,31,5383,2002-03-19,,13,1,39,40.0,4.7,12
191,Manager,Finanzas,Sur,45,9109,2002-09-05,,27,1,41,55.0,8.7,2
192,Junior,Logística,Este,30,4829,2006-09-29,2015-09-27,12,0,35,14.0,4.6,12
193,Becario,RRHH,Sur,21,2004,2001-12-26,,3,1,48,0.0,2.0,11
194,Junior,Marketing,Sur,38,3238,2021-01-01,,20,1,28,8.0,4.8,8
195,Senior,IT,Norte,44,5194,2006-11-06,,26,1,20,32.0,5.3,10
196,Senior,IT,Oeste,46,5677,2009-03-16,,28,1,47,22.0,7.0,3
197,Junior,Logística,Oeste,39,4986,2021-01-31,,21,1,36,13.0,6.9,3
198,Junior,Markeing,Norte,27,4245,2003-05-01,,9,1,48,6.0,4.8,17
199,Junior,Finanzas,Este,38,3060,2011-02-03,,20,1,32,6.0,6.4,3
200,Junior,Marketing,Centro,39,4152,2006-01-06,2014-01-04,21,0,40,13.0,5.3,19
201,Junior,Finanzas,Centro,29,3989,,,11,1,45,16.0,3.6,17
202,Manager,Marketing,Centro,43,9732,2007-09-07,2014-09-05,25,0,40,42.0,8.1,4
203,Manager,Marketing,Norte,40,9015,2002-02-17,2007-02-16,22,0,24,64.0,7.5,2
204,Junior,Ventas,Norte,26,3155,2002-08-30,,8,1,29,13.0,5.6,18
205,Junior,IT,Sur,33,4940,2007-09-11,,15,1,25,17.0,6.6,0
206,Director,Marketing,Centro,64,10922,2019-07-25,,46,1,43,80.0,8.3,4
207,Manager,Logística,Este,45,9915,2015-06-05,,27,1,38,50.0,8.7,1
208,Junior,Marketing,Este,22,3902,2015-02-03,,4,1,44,10.0,6.0,16
209,Director,RRHH,Centro,50,13046,2020-06-27,2021-06-27,32,0,32,83.0,8.5,1
210,Manager,IT,Centro,53,7974,2005-10-24,,35,1,20,37.0,7.8,3
211,Junior,RRHH,Centro,30,4230,2001-08-21,,12,1,39,15.0,4.3,15
212,Junior,IT,Norte,23,3387,2009-02-23,,5,1,44,13.0,6.9,4
213,Junior,RRHH,Norte,33,4503,2000-08-12,,15,1,34,6.0,5.7,13
214,Senior,Marketing,Norte,33,6814,2015-06-20,,15,1,33,47.0,4.2,9
215,Junior,Marketing,Oeste,25,3886,2017-02-16,,7,1,27,10.0,4.3,8
216,Senior,Ventas,Este,47,5837,2017-07-04,2018-07-04,29,0,29,49.0,6.5,0
217,Senior,Logística,Este,44,6363,2020-04-05,,26,1,28,37.0,4.2,9
218,Junior,RRHH,Sur,34,4892,2002-04-20,,16,1,36,9.0,3.1,13
219,Junior,Finanzas,Norte,38,3339,2004-12-19,,20,1,28,13.0,4.8,12
220,Junior,Ventas,Oeste,27,3203,2013-03-02,2016-03-01,9,0,22,5.0,4.3,8
221,Junior,RRHH,Oeste,37,3160,2003-01-11,,19,1,30,13.0,4.8,15
222,Junior,RRHH,Este,33,4563,2000-05-04,2003-05-04,15,0,31,14.0,4.1,15
223,Manager,Ventas,Norte,53,7391,2008-11-20,,35,1,29,33.0,6.5,4
224,Senior,Marketing,Sur,34,5768,2014-03-16,,16,1,44,44.0,6.8,1
225,Senior,RRHH,Norte,46,6700,2019-10-02,2022-10-01,28,0,36,19.0,6.1,3
226,Senior,Marketing,C,30,5574,2008-01-10,,12,1,-36,20.0,4.8,9
227,Becario,Ventas,Norte,21,2033,2014-09-19,2015-09-19,3,0,44,3.0,2.3,9
228,Senior,Marketing,,39,6093,2016-01-03,,21,1,30,26.0,6.4,2
229,Junior,IT,Centro,36,3892,2011-04-18,,18,1,49,7.0,3.3,19
230,Junior,Finanzas,Sur,32,3404,2017-08-03,2019-08-03,14,0,41,6.0,3.6,13
231,Junior,RRHH,Este,34,3607,2008-02-19,2016-02-17,16,0,23,15.0,3.3,16
232,Junior,Logística,Norte,26,4698,2005-07-10,,8,1,26,17.0,6.2,0
233,Junior,Finanzas,Centro,22,4614,2020-04-09,2022-04-09,4,0,40,13.0,6.0,10
234,Senior,Marketing,Norte,41,6540,2020-04-20,2022-04-20,23,0,45,12.0,7.0,3
235,Manager,RRHH,Este,45,9875,,,27,1,33,58.0,8.1,1
236,Junior,Marketing,Este,38,4143,2012-07-26,,20,1,26,6.0,5.7,18
237,Senior,IT,Oeste,33,6837,2008-06-23,,15,1,43,29.0,5.9,7
238,Director,Ventas,Este,54,10689,2004-05-28,2010-05-27,36,0,27,96.0,8.9,1
239,Junior,RRHH,Sur,30,4711,2001-12-18,2010-12-16,12,0,20,18.0,3.2,9
240,Manager,IT,Centro,54,9949,2009-10-01,2016-09-29,36,0,43,63.0,7.9,2
241,Becario,IT,Oeste,20,2740,2002-10-13,2011-10-11,2,0,41,0.0,4.1,9
242,Becario,RRHH,Sur,20,1555,2009-10-05,,2,1,23,1.0,3.0,6
243,Becario,Marketing,Norte,21,1865,2014-11-16,,3,1,48,1.0,2.4,16
244,Senior,Logística,Centro,34,6722,2012-11-14,2020-11-12,16,0,49,27.0,5.1,9
245,Director,IT,Este,49,13575,2012-03-28,,31,1,31,79.0,8.9,0
246,Becario,Finanzas,Centro,18,1954,2018-07-27,,0,1,43,0.0,3.8,8
247,Senior,IT,Norte,34,5103,2005-05-14,,16,1,22,28.0,7.5,3
248,Becario,Logística,Oeste,23,1576,2002-11-14,,5,1,32,3.0,2.4,14
249,Becario,Marketing,Oeste,24,1729,2003-09-19,,6,1,39,2.0,4.1,6
250,Junior,Marketing,Oeste,30,4937,2009-05-19,2018-05-17,12,0,25,7.0,5.2,7
251,Senior,Finanzas,Este,32,6281,2000-04-25,2004-04-24,14,0,30,31.0,7.5,2
252,Senior,IT,Sur,44,6287,2005-09-26,,26,1,42,26.0,6.1,0
253,Junior,Marketing,Sur,37,3330,2021-08-23,2024-08-22,19,0,23,8.0,5.1,8
254,Senior,Logística,Centro,47,6205,2004-12-06,,29,1,39,26.0,6.3,0
255,Manager,RRHH,Este,48,7892,2005-11-16,,30,1,35,43.0,8.2,0
256,Junior,Ventas,Oeste,24,4791,2015-04-10,,6,1,26,7.0,6.9,1
257,Becario,Ventas,Oeste,21,2187,2015-06-13,,3,1,41,0.0,1.3,13
258,Junior,Ventas,Norte,30,3026,2004-06-08,,12,1,48,18.0,3.2,13
259,Junior,IT,Norte,28,4299,2017-12-05,,10,1,30,18.0,6.8,4
260,Manager,Finanzas,Oeste,43,8675,2020-03-17,,25,1,43,50.0,7.6,2
261,Junior,Marketing,Oeste,34,3298,2023-02-01,2015-02-01,16,0,20,16.0,5.5,7
262,Becario,RRHH,Este,19,2456,2008-01-29,,1,1,45,4.0,2.9,16
263,Manager,Logística,Sur,39,9846,2018-03-13,2027-03-11,21,0,48,61.0,6.3,2
264,Junior,RRHH,Norte,34,4114,2010-05-20,,16,1,46,15.0,6.1,3
265,Junior,Logística,Sur,25,3479,2015-03-30,,7,1,26,8.0,6.0,12
266,Junior,IT,Este,23,3572,2008-01-20,,5,1,31,7.0,4.2,19
267,Junior,Ventas,Oeste,37,3457,2015-08-05,,19,1,26,9.0,4.2,17
268,Junior,IT,Sur,30,4474,2017-07-11,,12,1,46,19.0,6.4,2
269,Senior,Finanzas,Oeste,38,5364,2019-02-17,,20,1,42,20.0,4.3,17
270,Senior,Finanzas,Oeste,35,5858,2017-02-24,2021-02-23,17,0,26,17.0,7.5,2
271,Junior,Logística,Centro,32,4698,2013-06-06,,14,1,29,8.0,4.0,15
272,Junior,Marketing,Sur,22,3350,2002-09-04,,4,1,9,15.0,5.4,9
273,Junior,Marketing,Sur,25,4678,2016-12-19,,7,1,35,16.0,6.7,0
274,Becario,Logística,Oeste,22,2923,2008-05-24,,4,1,45,3.0,3.7,13
275,Junior,Finanzas,Este,34,3252,2014-12-03,2018-12-02,16,0,27,15.0,4.7,5
276,Junior,Finanzas,Centro,34,3780,2002-02-22,,16,1,28,9.0,5.8,10
277,Junior,Finanzas,Oeste,23,4904,2000-08-28,,5,1,28,8.0,4.4,5
278,Junior,IT,Norte,30,-3802,2016-01-31,,12,1,21,8.0,4.1,7
279,Junior,Finanzas,Norte,29,4011,2004-04-02,2012-03-31,11,0,32,16.0,7.0,1
280,Junior,RRHH,Centro,28,3458,2012-07-14,,10,1,32,8.0,6.0,9
281,Junior,Ventas,Este,25,4722,2002-10-09,,7,1,42,15.0,5.6,19
282,Senior,Finanzas,Oeste,47,5916,2000-07-05,2008-07-03,29,0,42,22.0,5.4,14
283,Senior,Logística,Sur,32,498,2005-02-24,,14,1,23,18.0,4.2,11
284,Manager,Ventas,Centro,40,7949,2018-08-13,,22,1,44,33.0,6.1,1
285,Junior,IT,Este,33,4994,2017-07-15,,15,1,43,16.0,5.2,12
286,Director,Logística,Sur,51,14603,2013-10-27,,33,1,31,58.0,9.3,3
287,Senior,Ventas,Norte,37,6327,2015-01-05,,19,1,36,22.0,6.1,0
288,Junior,Logística,Norte,22,3500,2012-07-22,,4,1,21,14.0,6.4,2
289,Senior,IT,Sur,33,5802,2001-03-06,,15,1,32,47.0,4.1,13
290,Junior,RRHH,Centro,32,3597,2000-08-26,2002-08-26,14,0,48,14.0,4.5,12
291,Director,IT,Norte,42,10165,2017-08-26,2021-08-25,24,0,37,62.0,7.7,0
292,Director,IT,Oeste,52,13486,2006-06-03,,34,1,47,88.0,8.3,1
293,Junior,Logística,Sur,38,3461,2000-03-16,,20,1,47,16.0,3.3,8
294,Senior,Marketing,Sur,39,5919,2021-07-16,2023-07-16,21,0,46,28.0,7.8,0
295,Manager,Finanzas,Norte,46,7113,2003-09-18,,28,1,34,53.0,6.7,4
296,Junior,Finanzas,Centro,36,4456,2016-06-24,,18,1,27,7.0,6.7,4
297,Junior,RRHH,Oeste,31,3991,2019-07-22,2026-07-20,13,0,34,5.0,4.7,5
298,Senior,RRHH,Centro,43,6379,2016-02-03,,25,1,20,22.0,7.9,1
299,Junior,Finanzas,Este,34,4951,2018-07-30,2021-07-29,16,0,39,17.0,5.2,14
300,Manager,Marketing,Este,39,9254,2020-12-02,,21,1,29,57.0,8.8,2
301,Manager,Finanzas,Norte,40,8258,2013-06-23,,22,1,31,31.0,6.0,18
302,Junior,Marketing,Norte,23,4465,2006-05-19,,5,1,24,14.0,6.0,18
303,Junior,RRHH,Norte,38,4378,2012-10-30,2016-10-29,20,0,28,18.0,6.6,3
304,Junior,Ventas,Este,25,3514,2017-01-06,,7,1,42,10.0,3.6,14
305,Junior,Logística,Centro,35,4231,2020-05-05,,17,1,27,17.0,3.4,15
306,Becario,RRHH,Centro,19,2208,2018-09-29,,1,1,35,1.0,2.7,17
307,Junior,RRHH,Norte,-24,4876,2005-03-17,2008-03-16,6,0,33,13.0,6.7,4
308,Senior,IT,Oeste,32,6148,2016-06-11,,14,1,46,42.0,6.2,4
309,Junior,IT,Centro,36,3137,2010-12-27,,18,1,44,18.0,5.1,5
310,Senior,IT,Este,35,5338,2012-10-14,,17,1,32,29.0,4.6,16
311,Senior,Logística,Sur,46,5536,2019-07-23,,28,1,42,24.0,4.0,15
312,Manager,IT,Sur,46,7067,2013-08-27,,28,1,40,61.0,8.4,3
313,Director,Marketing,Sur,61,11596,2005-08-21,,43,1,32,82.0,7.3,0
314,Becario,Finanzas,Oeste,21,1882,2000-05-20,2007-05-19,3,0,24,0.0,3.5,7
315,Junior,Ventas,Norte,32,3018,2004-11-24,,14,1,35,12.0,6.7,2
316,Junior,RRHH,Este,25,3682,2009-12-05,2012-12-04,7,0,45,18.0,3.8,6
317,Senior,Marketing,Oeste,35,6473,2000-01-17,,17,1,30,22.0,6.7,3
318,Manager,Ventas,Este,35,9121,2014-03-10,2018-03-09,17,0,41,45.0,6.2,3
319,Manager,Marketing,Este,54,7572,2011-11-27,,36,1,24,31.0,7.8,1
320,Senior,Marketing,Norte,45,5938,2001-04-09,2004-04-08,27,0,32,26.0,4.7,17
321,Junior,RRHH,Sur,36,4688,2012-03-29,,18,1,47,15.0,5.9,13
322,Junior,Finanzas,Norte,38,4299,2005-01-01,,20,1,30,12.0,4.2,16
323,Junior,IT,Oeste,29,4071,2008-04-16,2014-04-15,11,0,4,8.0,4.9,14
324,Senior,Logística,Oeste,41,5210,2001-06-03,2009-06-01,23,0,38,12.0,6.4,2
325,Becario,Finanzas,Oeste,20,2354,2016-04-22,2019-04-22,2,0,22,4.0,1.7,10
326,Junior,Logística,Norte,31,4943,2000-03-30,,13,1,34,16.0,6.0,19
327,Junior,RRHH,Este,36,3650,2013-03-08,,18,1,26,8.0,4.2,14
328,Junior,RRHH,Este,30,4645,2007-10-22,,12,2,26,18.0,5.6,10
329,Senior,RRHH,Centro,31,5993,2007-10-14,2010-10-13,13,0,25,25.0,4.6,17
330,Senior,Ventas,Oeste,34,5694,2012-12-08,,16,1,22,42.0,6.8,0
331,Senior,Logística,Este,35,5539,2005-02-27,,17,1,49,39.0,4.5,10
332,J,Finanzas,Centro,28,4732,2020-02-07,,10,1,32,15.0,4.7,17
333,D,Finanzas,Este,60,13262,2011-06-03,,42,1,26,61.0,7.7,2
334,Manager,Marketing,Oeste,35,8338,2021-04-20,2030-04-18,17,0,24,44.0,8.2,2
335,Director,Marketing,Sur,2,14996,2002-07-14,2008-07-12,44,0,42,67.0,7.8,2
336,Director,Marketing,Oeste,46,13634,2010-03-23,2018-03-21,28,0,37,77.0,9.6,2
337,Junior,RRHH,Norte,33,4684,2017-11-30,2019-11-30,15,0,41,18.0,6.6,1
338,Junior,Finanzas,Este,37,3779,2016-02-27,2023-02-25,19,0,49,11.0,3.8,15
339,Senior,Logística,Este,45,6585,2002-08-27,2008-08-25,27,0,27,23.0,6.5,2
340,Manager,RRHH,Norte,45,8923,2002-12-30,,27,1,36,59.0,6.3,1
341,Senior,Ventas,Norte,33,6781,2016-10-07,,15,1,39,42.0,5.6,15
342,Senior,Marketing,Sur,42,6136,2020-02-12,,24,1,46,24.0,6.9,4
343,Manager,RRHH,Este,41,9217,2008-09-30,,23,1,20,36.0,8.0,4
344,Senior,RRHH,Este,33,6491,2003-11-05,,15,1,33,24.0,6.5,3
345,Senior,Ventas,Sur,44,6701,2009-03-18,2011-03-18,26,0,36,47.0,5.1,17
346,Junior,IT,Centro,30,4944,2019-01-01,,12,1,29,18.0,4.5,13
347,Junior,Finanzas,Sur,32,4037,2011-09-30,2017-09-28,14,0,31,12.0,3.4,13
348,Director,Logística,Oeste,47,14383,2010-11-26,,29,1,35,93.0,9.2,0
349,Senior,IT,Este,30,6930,2011-11-02,,12,1,33,20.0,6.0,6
350,Junior,Marketing,Norte,29,3188,2020-10-20,,11,1,49,17.0,5.8,12
351,Junior,RRHH,Oeste,34,3913,2010-12-27,2018-12-25,16,0,46,19.0,4.0,9
352,Junior,Ventas,Este,25,4178,2015-03-18,2022-03-16,7,0,35,18.0,4.3,11
353,Junior,Ventas,Sur,29,4590,2021-10-11,,11,1,27,13.0,4.3,5
354,Manager,Finanzas,Oeste,37,9741,2012-06-22,2015-06-22,19,0,42,53.0,6.1,3
355,Manager,IT,Este,43,8745,2012-11-26,,25,1,47,48.0,7.0,1
356,Junior,Finanzas,Centro,23,3887,2008-06-19,,5,1,29,6.0,6.2,3
357,Director,RRHH,Centro,41,11098,2011-05-22,,23,1,48,71.0,9.7,4
358,Junior,Finanzas,Norte,34,3276,2017-04-09,,16,1,36,8.0,5.1,15
359,Becario,Logística,Este,24,2439,2005-09-05,,6,1,46,0.0,2.8,16
360,Junior,Ventas,Centro,33,4668,2020-06-22,2028-06-20,15,0,49,12.0,3.1,7
361,Senior,Ventas,Sur,33,6366,2019-08-04,,15,1,48,34.0,7.5,1
362,Junior,Marketing,Este,29,4448,2000-10-11,,11,1,37,18.0,3.1,16
363,Senior,Marketing,Sur,38,5570,2015-10-28,,20,1,39,18.0,7.8,3
364,Junior,RRHH,Sur,26,4534,2017-08-03,2020-08-02,8,0,35,6.0,5.0,18
365,Becario,Logística,Centro,21,2356,2013-07-04,,3,1,36,0.0,2.4,6
366,Senior,IT,Este,47,6000,2013-06-27,,29,1,35,32.0,7.7,1
367,Becario,Finanzas,Oeste,20,2705,2003-04-02,,2,1,38,4.0,1.1,13
368,Becario,RRHH,Centro,24,1957,2010-11-13,,6,1,43,4.0,3.3,17
369,Manager,Marketing,Centro,43,7917,2008-02-13,2009-02-12,25,0,43,54.0,7.6,3
370,Manager,Finanzas,Este,51,8874,2011-10-29,,33,1,27,37.0,6.7,3
371,Manager,Marketing,Este,46,7832,2002-02-22,,28,1,25,45.0,7.3,1
372,Director,Finanzas,Sur,46,11678,2020-01-09,,28,1,25,97.0,9.0,1
373,Manager,IT,Este,44,7615,2019-06-18,,26,1,40,44.0,8.2,4
374,Junior,RRHH,Sur,31,4995,2002-08-07,2007-08-06,13,0,48,5.0,3.0,6
375,Manager,Finanzas,Centro,47,7405,2010-10-14,,29,1,28,51.0,8.8,2
376,Senior,Logística,Norte,48,6749,2019-09-15,,30,1,23,12.0,4.7,7
377,Junior,Ventas,Oeste,32,4777,2000-02-14,,14,1,45,10.0,3.9,10
378,Director,Logística,Centro,52,14188,2004-12-15,,34,1,31,63.0,7.8,2
379,Junior,Logística,Este,29,3429,2012-07-02,,11,1,47,8.0,3.2,15
380,Senior,Ventas,Oeste,37,5653,2005-09-12,,19,1,31,27.0,4.5,9
381,Manager,Logística,Norte,38,7433,2018-08-10,2021-08-09,20,0,42,47.0,9.0,3
382,Junior,Finanzas,Norte,36,4135,2009-07-30,,18,1,36,7.0,4.3,7
383,Junior,Finanzas,Sur,32,4952,2002-04-09,,14,1,34,14.0,3.5,12
384,Junior,Finanzas,Oeste,32,3374,2005-03-24,,14,1,28,5.0,3.4,18
385,Junior,Ventas,Sur,22,4082,2017-06-04,,4,1,26,11.0,5.9,14
386,Junior,Logística,Centro,38,4066,2016-05-23,,20,1,29,19.0,6.4,2
387,Senior,Ventas,Oeste,44,5206,2007-01-25,,26,1,35,10.0,5.0,10
388,Manager,Finanzas,Centro,54,7779,2001-11-22,,36,1,31,56.0,6.1,4
389,Junior,Logística,Sur,27,4319,2011-01-02,2015-01-01,9,0,44,13.0,3.9,19
390,Junior,Logística,Oeste,36,4141,2015-01-08,,18,1,26,15.0,3.2,11
391,Becario,Marketing,Sur,24,2031,2002-07-20,2004-07-19,6,0,37,2.0,1.4,11
392,Senior,Marketing,Oeste,38,6245,2013-07-07,,20,1,34,14.0,5.7,6
393,Senior,IT,Sur,43,5165,2021-08-28,2027-08-27,25,0,25,16.0,4.9,18
394,Junior,RRHH,Norte,39,3642,2019-08-03,,21,1,45,7.0,5.1,7
395,Senior,Marketing,Sur,46,6179,2016-07-09,,28,1,31,38.0,5.0,16
396,Becario,Ventas,Norte,19,2707,2015-07-10,,1,1,30,2.0,4.8,14
397,Junior,Marketing,Sur,26,3089,2018-05-31,,8,1,39,19.0,6.6,1
398,Senior,IT,Oeste,49,6117,2019-12-10,,31,1,22,46.0,6.3,3
399,Junior,Logística,Oeste,30,3012,2017-06-22,2025-06-20,12,0,21,11.0,4.4,11
400,Junior,IT,Oeste,32,3972,2009-04-29,,14,1,25,16.0,4.5,6
401,Manager,Logística,Este,35,8857,2018-01-10,,17,1,43,59.0,7.2,2
402,Becario,Logística,Centro,19,2304,2000-05-27,2002-05-27,1,0,41,3.0,3.9,11
403,Junior,RRHH,Oeste,27,3944,2002-10-29,,9,1,44,9.0,4.8,11
404,Junior,Marketing,Norte,23,3741,2003-08-04,,5,1,49,7.0,6.4,1
405,Senior,Ventas,Oeste,44,6857,2001-01-22,,26,1,24,18.0,7.8,2
406,Junior,Ventas,Este,35,4827,2008-07-18,2009-07-18,17,0,37,14.0,4.3,16
407,Senior,Finanzas,Norte,34,6461,2005-02-16,,16,1,35,48.0,6.2,0
408,Director,Logística,Este,45,11610,2009-10-28,2011-10-28,27,0,27,75.0,7.3,3
409,Becario,Ventas,Norte,23,2375,2002-07-04,2011-07-02,5,0,44,1.0,1.8,7
410,Manager,RRHH,Sur,52,8959,2005-02-21,,34,1,49,52.0,7.2,4
411,Senior,Logística,Centro,43,6834,2018-07-26,,25,1,45,32.0,4.8,11
412,Becario,RRHH,Centro,19,2673,2021-03-25,,1,1,39,2.0,4.5,8
413,Becario,Ventas,Este,23,2159,2010-04-06,2017-04-04,5,0,41,4.0,1.6,17
414,Junior,Ventas,Centro,34,4031,2000-10-04,,16,1,30,13.0,4.8,17
415,Junior,Finanzas,Este,24,4052,2005-05-31,,6,1,29,17.0,5.4,15
416,Senior,Ventas,Este,35,5295,2005-02-02,,17,1,43,37.0,6.8,2
417,Senior,Logística,Este,37,5985,2008-04-24,,19,1,44,36.0,5.5,19
418,Senior,Logística,Centro,41,5925,2009-03-25,2015-03-24,23,0,31,26.0,7.5,0
419,Junior,Logística,Este,34,4744,2016-03-18,,16,1,40,10.0,5.3,10
420,Junior,Finanzas,Centro,32,3639,2018-06-07,,14,1,47,8.0,4.8,6
421,Junior,Finanzas,Este,3,3339,2016-03-26,2021-03-25,15,0,25,5.0,3.3,16
422,Junior,Ventas,Oeste,22,3627,2018-08-06,2027-08-04,4,0,46,6.0,4.9,7
423,Manager,IT,Este,51,9486,2012-11-26,2020-11-24,33,0,39,38.0,8.5,3
424,Senior,IT,Norte,45,6167,2015-09-05,2019-09-04,27,0,24,22.0,6.5,4
425,Manager,Finanzas,Este,45,7941,2005-12-22,,27,1,42,69.0,8.5,1
426,Junior,Ventas,Sur,34,3829,2012-10-19,,16,1,28,11.0,5.0,5
427,Senior,IT,Este,47,6770,2003-03-16,2009-03-14,29,0,45,24.0,4.5,16
428,Junior,Ventas,Norte,32,3518,2001-05-04,2004-05-03,14,0,46,15.0,3.1,14
429,Senior,Ventas,Norte,41,5975,2006-11-30,,23,1,48,13.0,5.2,12
430,Manager,Ventas,Centro,40,7954,2003-03-28,,22,1,35,62.0,8.1,0
431,Manager,Marketing,Oeste,43,8262,2012-04-06,,25,1,41,53.0,8.4,3
432,Junior,Logística,Este,37,3951,2011-08-29,,19,1,33,8.0,4.2,6
433,Junior,Ventas,Centro,25,3943,2006-10-24,,7,1,41,7.0,5.0,15
434,Manager,Marketing,Oeste,37,9202,2005-02-19,2007-02-19,19,0,27,39.0,7.3,3
435,Manager,Finanzas,Este,50,8204,2014-07-14,2018-07-13,32,0,46,65.0,7.2,1
436,Junior,IT,Sur,33,4238,2006-09-28,,15,1,39,8.0,3.9,10
437,Manager,Logística,Este,45,9135,2014-12-11,,27,1,38,40.0,6.4,0
438,Junior,IT,Norte,26,4279,2004-06-18,,8,1,33,16.0,3.8,14
439,Junior,Logística,Norte,39,4534,2014-07-06,,21,1,26,18.0,3.2,7
440,Manager,IT,Sur,53,8096,2000-10-14,,35,1,24,47.0,6.6,3
441,Manager,Logística,Centro,40,9978,2016-04-19,2023-04-18,22,0,37,59.0,6.0,12
442,Becario,IT,Oeste,23,1678,2011-09-22,,5,1,21,3.0,3.5,8
443,Senior,IT,Este,47,5211,2005-03-22,2010-03-21,29,0,30,46.0,5.3,16
444,Senior,IT,Norte,35,6828,2003-03-07,2008-03-05,17,0,41,29.0,7.9,2
445,Junior,IT,Centro,25,4257,2000-05-09,,7,1,27,13.0,3.8,5
446,Becario,Finanzas,Sur,21,1964,2017-05-08,,3,1,20,3.0,2.4,16
447,Becario,Ventas,Norte,20,2746,2006-06-21,,2,1,46,4.0,2.4,13
448,Junior,RRHH,Sur,23,3630,2021-10-09,,5,1,41,13.0,3.0,14
449,Senior,Marketing,Este,46,5824,2016-05-19,2024-05-17,28,0,31,20.0,7.4,0
450,Manager,RRHH,Oeste,45,8230,2000-05-23,2009-05-21,27,0,21,38.0,6.1,0
451,Junior,RRHH,Norte,32,3606,2000-01-16,,14,1,37,18.0,6.8,3
452,Junior,Logística,Norte,37,3884,2020-06-13,,19,1,26,6.0,6.6,4
453,Senior,Ventas,Este,31,6757,2017-12-23,,13,1,45,34.0,6.1,4
454,Becario,Logística,Centro,19,1865,2000-09-01,,1,1,36,2.0,3.2,15
455,Manager,Ventas,Oeste,42,9323,2002-07-15,,24,1,41,61.0,8.0,2
456,Senior,Ventas,Norte,42,5379,2008-09-13,,24,1,49,23.0,5.5,12
457,Director,IT,Oeste,49,13856,2019-11-12,2025-11-10,31,0,42,50.0,8.9,4
458,Senior,Finanzas,Norte,37,6087,2005-12-16,,19,1,33,26.0,4.2,6
459,Manager,IT,Oeste,38,9857,2013-09-11,,20,1,43,54.0,6.2,3
460,Manager,Finanzas,Sur,49,7924,2002-06-05,2009-06-03,31,0,26,37.0,7.4,3
461,Manager,Logística,Norte,35,8938,2000-12-06,,17,1,41,34.0,7.6,1
462,Junior,Finanzas,Oeste,32,3493,2005-08-13,,14,1,44,9.0,6.6,1
463,Junior,Logística,Centro,28,4546,2009-04-21,,10,1,48,13.0,3.4,9
464,Junior,RRHH,Sur,38,4121,2015-02-20,2022-02-18,20,0,22,7.0,6.3,2
465,Becario,RRHH,Sur,20,2594,2010-10-25,,2,1,46,2.0,1.8,14
466,Senior,Finanzas,Centro,49,5363,2000-11-01,2001-11-01,31,0,25,32.0,5.6,7
467,Senior,Finanzas,Oeste,47,5569,2002-06-26,,29,1,39,18.0,5.3,12
468,Junior,Logística,Este,33,4825,2007-04-08,2015-04-06,15,0,21,10.0,4.6,11
469,Senior,IT,Centro,38,5762,2010-05-20,2014-05-19,20,0,36,39.0,4.6,5
470,Becario,Logística,Oeste,22,1775,2020-03-28,,4,1,31,1.0,3.0,16
471,Director,IT,Centro,49,14145,2011-01-25,,31,1,31,65.0,9.4,4
472,Becario,RRHH,Centro,21,2881,2003-10-03,2004-10-02,3,0,49,0.0,2.8,16
473,Director,Ventas,Norte,44,12775,2019-07-15,2028-07-12,26,0,36,51.0,8.5,4
474,Junior,Finanzas,Oeste,31,3905,2000-11-16,,13,1,46,18.0,6.4,0
475,Junior,IT,Este,32,3927,2012-09-28,,14,1,29,18.0,5.8,8
476,Becario,Logística,Norte,22,2063,2011-02-11,,4,1,22,0.0,3.0,5
477,Manager,RRHH,Centro,44,7782,2014-07-06,2016-07-05,26,0,39,55.0,6.8,4
478,Junior,IT,Centro,29,3484,2018-07-06,,11,1,37,14.0,6.5,1
479,Becario,Logística,Centro,19,2607,2018-10-07,2020-10-06,1,0,32,0.0,3.3,19
480,Junior,Finanzas,Oeste,29,4922,2015-01-27,2023-01-25,11,0,31,19.0,3.9,16
481,Junior,Finanzas,Oeste,37,4828,2015-09-16,,19,1,46,14.0,4.1,5
482,Junior,Marketing,Norte,26,4661,2021-10-16,,8,1,46,19.0,6.2,3
483,Senior,Ventas,Este,32,6831,2021-09-26,,14,1,49,25.0,4.2,16
484,Junior,Marketing,Norte,33,3583,2003-02-05,,15,1,46,18.0,7.0,3
485,Junior,RRHH,Sur,34,4319,2007-01-22,,16,1,36,17.0,3.5,7
486,Becario,IT,Centro,22,1735,2017-12-10,,4,1,23,2.0,4.2,13
487,Director,RRHH,Centro,49,12103,2011-01-25,,31,1,42,57.0,8.2,0
488,Senior,Logística,Centro,33,6942,2009-03-21,2016-03-19,15,0,29,43.0,6.0,8
489,Becario,Finanzas,Norte,18,1859,2002-03-28,2003-03-28,0,0,30,1.0,4.5,12
490,Junior,Marketing,Norte,23,4930,2014-06-26,,5,1,25,15.0,4.7,12
491,Senior,Marketing,Centro,480,5109,2020-07-12,,30,1,25,19.0,6.1,100
492,Junior,Marketing,Norte,22,3191,2018-03-03,2024-03-01,4,0,46,7.0,3.2,16
493,Senior,RRHH,Oeste,36,5903,2020-02-27,,18,1,28,32.0,4.0,15
494,Manager,Finanzas,Oeste,51,8116,2000-01-12,2002-01-11,33,0,49,37.0,6.7,4
495,Senior,IT,Norte,32,5861,2000-07-13,,14,1,34,37.0,6.7,2
496,Senior,Logística,Centro,49,5567,2006-12-12,2009-12-11,31,0,21,32.0,4.5,12
497,Junior,IT,Norte,24,4083,2007-10-13,,6,1,23,8.0,3.5,14
498,Manager,RRHH,Norte,37,7649,2019-03-26,,19,1,24,43.0,7.2,3
499,Becario,Logística,Norte,18,1538,2006-02-07,2008-02-07,0,0,36,4.0,3.6,12
500,Becario,Marketing,Sur,24,2572,2008-03-28,,6,1,27,1.0,3.8,13
501,Junior,Ventas,Oeste,35,4443,2021-11-10,,17,1,27,17.0,3.7,11
502,Junior,RRHH,Este,38,3636,2013-01-03,,20,1,41,5.0,3.3,18
503,Senior,RRHH,Este,47,6036,2016-06-22,,29,1,31,13.0,7.8,3
504,Junior,Finanzas,Sur,34,3035,2020-06-27,,16,1,40,19.0,4.0,6
505,Junior,IT,Norte,39,3100,2018-09-20,2022-09-19,21,0,27,5.0,6.4,0
506,Manager,RRHH,Sur,38,8361,2005-09-08,,20,1,38,55.0,8.6,2
507,Becario,RRHH,Sur,18,1665,2015-08-25,2019-08-24,0,0,22,0.0,4.1,12
508,Junior,Marketing,Centro,39,3382,2021-06-24,2023-06-24,21,0,37,11.0,3.7,17
509,Becario,Marketing,Oeste,18,2899,2010-08-03,2015-08-02,0,0,40,3.0,4.3,9
510,Junior,Logística,Este,34,4494,2021-10-17,,16,1,38,19.0,6.1,3
511,Junior,Ventas,Norte,31,3789,2014-04-12,,13,1,38,17.0,5.4,7
512,Senior,Finanzas,Este,40,6665,2020-08-31,2028-08-29,22,0,34,11.0,5.3,11
513,Becario,Ventas,Este,18,1530,2013-05-05,2016-05-04,0,0,25,3.0,2.1,18
514,Junior,Logística,Oeste,30,4398,2001-03-19,,12,1,35,7.0,3.5,18
515,Director,Marketing,Este,44,14106,2000-10-24,2004-10-23,26,0,27,73.0,8.5,1
516,Director,IT,Este,40,12011,2013-06-04,2021-06-02,22,0,35,94.0,8.8,4
517,Senior,Marketing,Sur,46,6325,2016-01-13,2022-01-11,28,0,37,33.0,5.4,7
518,Junior,Finanzas,Oeste,23,3095,2002-04-24,,5,1,39,15.0,4.9,16
519,Becario,Marketing,Centro,22,2713,2002-10-12,,4,1,35,2.0,2.5,13
520,Manager,Finanzas,Norte,43,9500,2003-10-16,,25,1,30,51.0,7.9,3
521,Junior,Finanzas,Este,25,3191,2003-10-29,,7,1,26,19.0,6.6,32
522,Senior,Finanzas,Norte,34,5485,2001-07-07,,16,1,36,19.0,4.7,7
523,Becario,Logística,Centro,20,2789,2006-06-08,,2,1,36,0.0,2.5,9
524,Junior,Finanzas,Norte,24,4447,2012-05-13,,6,1,31,15.0,3.6,7
525,Junior,Finanzas,Centro,33,4151,2003-06-23,,15,1,32,16.0,5.5,13
526,Senior,IT,Sur,48,5237,2021-08-05,2027-08-04,30,0,29,18.0,6.9,2
527,Senior,Ventas,Este,48,6943,2003-06-14,2012-06-11,30,0,26,37.0,7.7,1
528,Senior,RRHH,Centro,42,6378,2021-01-31,,24,1,33,10.0,5.1,16
529,Manager,Ventas,Norte,41,8963,2000-07-03,,23,1,42,46.0,8.9,4
530,Junior,Finanzas,Este,36,4135,2012-06-29,,18,1,20,19.0,3.3,10
531,Junior,IT,Sur,28,4851,2018-11-19,,10,1,36,16.0,5.4,5
532,Becario,Marketing,Este,19,2969,2006-08-07,,1,1,23,1.0,1.2,18
533,Becario,IT,Centro,22,2866,2014-10-16,2023-10-14,4,0,40,4.0,4.6,16
534,Junior,Finanzas,Sur,35,4168,2015-07-13,,17,1,24,18.0,5.1,15
535,Junior,IT,Norte,25,4088,2012-02-18,,7,1,39,17.0,5.7,10
536,Becario,IT,Sur,24,2770,2006-01-18,,6,1,43,1.0,4.3,14
537,Junior,Finanzas,Sur,31,3734,2020-01-23,,13,1,42,19.0,3.6,7
538,Senior,Logística,Oeste,49,5990,2015-04-25,,31,1,44,47.0,4.2,8
539,Senior,IT,Sur,44,6513,2010-01-20,2016-01-19,26,0,26,48.0,7.5,0
540,Manager,RRHH,Sur,52,7824,2020-07-03,,34,1,29,35.0,6.9,4
541,Becario,RRHH,Este,21,2962,2016-11-07,2025-11-05,3,0,36,3.0,1.5,18
542,Junior,IT,Norte,34,3105,2015-03-06,,16,1,48,9.0,4.9,16
543,Senior,Logística,Este,37,5180,2019-10-28,,19,1,49,23.0,6.4,0
544,Junior,Marketing,Este,30,3183,2012-10-27,,12,1,26,16.0,3.1,8
545,Junior,Finanzas,Centro,37,3225,2005-02-24,,19,1,20,11.0,4.1,14
546,Senior,RRHH,Este,48,5776,2011-10-06,,30,1,26,19.0,4.1,15
547,Manager,Marketing,Oeste,50,9837,2001-06-05,,32,1,45,49.0,7.3,4
548,Junior,IT,Oeste,28,4932,2005-03-02,,10,1,43,19.0,6.6,0
549,Junior,Marketing,Centro,35,4112,2006-12-27,,17,1,30,19.0,6.9,4
550,Junior,Ventas,Norte,35,3687,2010-06-06,,17,1,28,11.0,5.5,17
551,Junior,RRHH,Norte,25,3529,2015-11-25,,7,1,31,14.0,3.6,9
552,Junior,IT,Este,36,4394,2013-05-15,2014-05-15,18,0,22,13.0,6.6,0
553,Junior,Finanzas,Este,24,3971,2019-09-24,,6,1,23,14.0,5.1,5
554,Junior,Logística,Este,26,3935,2011-05-18,,8,1,23,14.0,3.6,19
555,Junior,IT,Norte,22,4936,2012-10-17,2018-10-16,4,0,47,17.0,6.7,4
556,Senior,Finanzas,Sur,32,6422,2012-02-03,2017-02-01,14,0,44,48.0,7.0,2
557,Manager,Logística,Oeste,49,9153,2015-03-17,2016-03-16,31,0,32,57.0,8.2,3
558,Director,Logística,Sur,63,11294,2021-05-13,,45,1,42,79.0,9.1,4
559,Junior,IT,Sur,29,4998,2021-06-22,,11,1,38,9.0,3.8,14
560,Junior,Marketing,Norte,25,3830,2009-07-11,,7,1,29,11.0,3.8,9
561,Junior,Marketing,Sur,23,4526,2016-10-16,2021-10-15,5,0,24,7.0,5.8,13
562,Senior,Logística,Centro,39,5678,2013-09-27,,21,1,26,24.0,4.9,18
563,Manager,Marketing,Este,38,9896,2003-11-10,2011-11-08,20,0,43,50.0,7.3,3
564,Director,Ventas,Centro,42,13103,2004-08-21,,24,1,35,86.0,9.3,1
565,Senior,Logística,Oeste,31,5392,2012-10-08,,13,1,20,21.0,7.1,3
566,Junior,Logística,Este,38,3039,2014-03-25,2015-03-25,20,0,31,8.0,4.8,8
567,Senior,Finanzas,Sur,49,5659,2020-02-26,,31,1,21,18.0,7.2,1
568,Senior,Marketing,Oeste,42,6241,2020-05-27,2027-05-26,24,1,26,48.0,7.4,4
569,Becario,Logística,Este,22,2480,2001-06-10,,4,1,30,1.0,3.6,17
570,Senior,Ventas,Sur,38,6105,2018-04-03,,20,1,48,37.0,4.9,17
571,Junior,Finanzas,Centro,27,3844,2007-04-14,,9,1,49,11.0,4.1,7
572,Junior,IT,Este,2,4743,2020-01-19,2022-01-18,8,0,32,19.0,4.3,19
573,Senior,Logística,Sur,39,5200,2020/07/21,2024-07-20,21,0,21,49.0,4.5,12
574,Junior,Ventas,Centro,29,3446,2005-12-12,,11,1,26,16.0,4.1,11
575,Junior,RRHH,Oeste,28,4867,2013-08-06,2016-08-05,10,0,34,10.0,3.8,9
576,Becario,Ventas,Oeste,24,2951,2000-10-06,,6,1,44,2.0,2.8,14
577,Manager,Ventas,Oeste,40,8234,2008-02-12,,22,1,30,55.0,8.7,2
578,Becario,Finanzas,Oeste,22,1943,2010-11-21,2011-11-21,4,0,21,0.0,1.4,19
579,Senior,IT,Norte,49,6350,2007-04-23,2012-04-21,31,0,26,25.0,6.9,4
580,Senior,RRHH,Este,32,5760,2007-12-03,,14,1,23,31.0,6.7,2
581,Senior,Marketing,Este,48,5226,2016-05-24,,30,1,30,27.0,4.4,14
582,Becario,Marketing,Norte,23,1547,2021-06-04,,5,1,48,1.0,4.7,9
583,Senior,Ventas,Sur,44,6041,2004-10-17,,26,1,21,35.0,6.3,0
584,Senior,Finanzas,Sur,33,5911,2010-11-25,,15,1,48,17.0,5.5,10
585,Junior,Finanzas,Oeste,33,4462,2013-01-21,2019-01-20,15,0,35,10.0,6.0,140
586,Senior,Marketing,Centro,35,6830,2014-05-14,,17,1,26,39.0,5.0,8
587,Manager,RRHH,Sur,53,7186,2006-06-19,,35,1,32,68.0,8.1,3
588,Manager,IT,Centro,38,9392,2012-02-14,2015-02-13,20,0,24,52.0,6.1,1
589,Manager,RRHH,Este,49,9271,2014-06-05,2016-06-04,31,0,36,61.0,8.5,3
590,Manager,Logística,Centro,43,9877,2016-10-18,2022-10-17,25,0,40,51.0,7.3,1
591,Manager,Logística,Este,39,9535,2015-04-05,2016-04-04,21,0,31,38.0,7.9,0
592,Junior,IT,Norte,34,4932,2011-04-24,,16,1,47,19.0,3.9,14
593,Manager,Marketing,Norte,52,9924,2004-09-04,,34,1,38,36.0,8.0,4
594,Senior,IT,Oeste,34,5848,2015-03-02,2022-02-28,16,0,26,18.0,7.1,4
595,Junior,Finanzas,Sur,37,4252,2019-09-07,,19,1,25,17.0,4.9,7
596,Senior,Logística,Oeste,48,6413,2017-05-20,,30,1,27,12.0,6.5,3
597,Junior,Ventas,Este,35,3978,2007-05-10,,17,1,32,7.0,4.8,12
598,Manager,Ventas,Oeste,50,8612,2007-12-05,,32,1,24,62.0,8.7,3
599,Manager,Marketing,Centro,49,8016,2014-12-28,2019-12-27,31,0,21,50.0,7.5,1
600,Director,Finanzas,Este,61,11881,2012-06-01,,43,1,28,80.0,9.5,3
601,Manager,RRHH,Norte,38,7269,2007-08-08,,20,1,49,63.0,8.4,4
602,Senior,Finanzas,Sur,36,6630,2003-01-24,2004-01-24,18,0,30,41.0,5.6,13
603,Manager,Ventas,Este,50,7309,2008-03-07,2015-03-06,32,0,43,64.0,6.7,1
604,Manager,Ventas,Este,42,9043,2011-08-30,2017-08-28,24,0,25,44.0,7.2,3
605,Manager,Logística,Centro,51,8574,2011-08-14,2018-08-12,33,0,48,61.0,8.5,4
606,Senior,Finanzas,Sur,45,6095,2021-01-27,,27,1,45,15.0,4.9,11
607,Senior,Finanzas,Norte,39,6816,2017-08-16,,21,1,26,30.0,6.1,2
608,Senior,Ventas,Este,39,5844,2000-07-13,,21,1,44,42.0,7.2,3
609,Junior,RRHH,Este,23,4695,2001-10-24,,5,1,26,8.0,4.4,5
610,Junior,Marketing,Centro,30,4210,2001-04-24,,12,1,38,7.0,5.6,5
611,Director,Marketing,Oeste,56,13262,2011-07-20,,38,1,25,82.0,7.7,3
612,Junior,Finanzas,Norte,32,4445,2003-11-24,,14,1,30,16.0,3.4,8
613,Junior,Marketing,Sur,31,3119,2018-09-25,2025-09-23,13,0,48,19.0,6.2,4
614,Manager,Ventas,Este,51,7219,2013-11-08,,33,1,30,50.0,6.3,3
615,Junior,Ventas,Este,25,3052,2020-11-10,,7,1,26,10.0,4.1,11
616,Becario,Finanzas,Norte,21,2974,2007-06-01,2009-05-31,3,0,21,1.0,4.4,7
617,Manager,Finanzas,Oeste,49,8666,2008-09-10,,31,1,38,44.0,7.0,4
618,Senior,Logística,Este,34,6260,2016-01-31,,16,1,23,23.0,7.9,1
619,Junior,Finanzas,Norte,27,3757,2015-04-13,,9,1,45,7.0,6.9,2
620,Junior,RRHH,Centro,38,3737,2010-06-11,,20,1,25,15.0,4.1,17
621,Manager,Marketing,Oeste,35,7719,2005-07-07,,17,1,36,44.0,6.1,4
622,Senior,Finanzas,Sur,48,5405,2010-05-17,,30,1,44,15.0,6.8,0
623,Senior,IT,Este,33,5607,2013-02-26,,15,1,24,18.0,5.8,9
624,Senior,Logística,Norte,46,6020,2006-09-09,,28,1,48,46.0,4.4,70
625,Junior,IT,Centro,30,3421,2002-06-30,,12,1,47,8.0,5.8,16
626,Senior,Ventas,Sur,31,5711,2014-12-09,,13,1,49,43.0,4.1,12
627,Senior,Marketing,Norte,37,5246,2019-07-28,,19,1,26,47.0,7.5,2
628,Junior,Finanzas,Norte,36,3071,2021-04-06,,18,1,28,14.0,3.6,10
629,Director,IT,Sur,46,12053,2008-10-18,,28,1,44,67.0,7.4,1
630,Senior,Marketing,Centro,35,6229,2006-06-22,2009-06-21,17,0,20,37.0,4.7,19
631,Junior,Ventas,Centro,22,4567,2015-12-18,2023-12-16,4,0,20,17.0,6.8,4
632,Junior,RRHH,Oeste,36,4634,2009-12-08,2018-12-06,18,0,38,11.0,5.8,11
633,Junior,Logística,Este,28,3905,2016-03-16,,10,1,25,7.0,6.2,4
634,Junior,Marketing,Sur,38,3386,2021-01-24,2023-01-24,20,0,37,13.0,4.6,9
635,Manager,Marketing,Sur,36,8791,2015-07-16,2017-07-15,18,0,29,61.0,7.0,4
636,Senior,RRHH,Sur,38,5698,2009-07-04,,20,1,47,15.0,4.9,5
637,Junior,Marketing,Centro,30,4099,2001-11-11,,12,1,30,18.0,4.9,13
638,Senior,Ventas,Este,42,6200,2014-11-12,,24,1,20,37.0,6.2,3
639,Senior,Ventas,Oeste,35,5826,2018-03-05,2027-03-03,17,0,20,33.0,6.5,4
640,Senior,RRHH,Norte,35,6822,2012-09-25,,17,1,32,22.0,5.0,6
641,Director,Logística,Norte,59,10348,2001-09-01,,41,1,24,92.0,9.8,3
642,Senior,Finanzas,Sur,49,6278,2021-09-27,,31,1,39,21.0,4.7,18
643,Senior,IT,Este,32,6860,2005-11-26,,14,1,20,28.0,7.9,4
644,Senior,Finanzas,Centro,46,6725,2010-08-02,,28,1,39,30.0,4.1,13
645,Manager,Marketing,Este,51,7307,2001-01-06,2006-01-05,33,0,22,56.0,7.4,1
646,Junior,IT,Este,33,4368,2019-02-28,2025-02-26,15,0,37,14.0,4.3,8
647,Junior,RRHH,Centro,37,4150,2001-09-07,2010-09-05,19,0,28,7.0,4.8,6
648,Junior,RRHH,Sur,36,4960,2018-12-03,,18,1,33,12.0,5.3,9
649,Junior,Logística,Este,34,3286,2016-06-15,,16,1,46,14.0,4.7,7
650,Senior,IT,Norte,30,5765,2006-03-03,,12,1,36,37.0,5.7,14
651,Manager,Ventas,Centro,51,7724,2013-07-13,2014-07-13,33,0,42,47.0,8.2,1
652,Junior,IT,Oeste,24,3761,2011-05-01,,6,1,33,16.0,5.7,18
653,Junior,Marketing,Sur,36,4619,2002-05-14,,18,1,48,8.0,6.3,0
654,Junior,Ventas,Centro,25,4510,2003-06-22,,7,1,23,14.0,4.0,9
655,Senior,RRHH,Oeste,33,5382,2020-05-29,,15,1,24,38.0,6.4,1
656,Manager,IT,Oeste,52,9435,2014-12-27,2016-12-26,34,0,45,46.0,7.8,4
657,Senior,Finanzas,Este,46,5524,2002-02-23,,28,1,40,13.0,5.5,5
658,Senior,Logística,Este,48,6580,2012-07-07,,30,1,36,38.0,5.9,10
659,Junior,Finanzas,Este,32,3638,2011-06-10,2020-06-07,14,0,41,8.0,4.3,17
660,Junior,Logística,Centro,24,3937,2014-04-26,2018-04-25,6,0,48,14.0,3.6,11
661,Senior,Marketing,Centro,37,6649,2006-02-15,,19,1,44,34.0,4.9,5
662,Becario,Finanzas,Sur,23,1775,20110206,,5,1,21,2.0,1.4,13
663,Junior,IT,Este,22,3499,2013-05-27,,4,1,42,19.0,5.7,12
664,Senior,IT,Oeste,43,5716,2002-07-24,2004-07-23,25,0,41,11.0,6.6,3
665,Manager,Finanzas,Norte,36,7336,2010-11-24,,18,1,24,54.0,8.9,4
666,Manager,IT,Sur,38,8973,2017-07-04,,20,1,23,35.0,8.2,2
667,Senior,Marketing,Centro,48,5931,2021-08-09,,30,1,23,35.0,4.2,19
668,Manager,Ventas,Sur,40,7480,2006-05-27,,22,1,25,37.0,8.7,3
669,Manager,Marketing,Sur,35,7910,2015-10-13,2022-10-11,17,1,39,64.0,8.6,0
670,Senior,Logística,Sur,46,6996,2020-03-04,,28,1,40,36.0,5.8,18
671,Manager,Marketing,Sur,42,8351,2021-10-21,,24,1,32,54.0,7.8,2
672,Junior,Logística,Norte,22,4754,2000-11-21,,4,1,41,6.0,6.9,1
673,Manager,IT,Este,39,7108,2004-03-14,,21,1,24,30.0,7.6,1
674,Junior,Ventas,Oeste,37,4302,2009-07-12,,19,1,42,17.0,6.6,3
675,Senior,IT,Sur,35,6709,2021-04-14,,17,1,44,48.0,4.3,18
676,Becario,RRHH,Sur,22,1827,2010-07-28,,4,1,45,2.0,1.8,15
677,Manager,IT,Sur,50,8799,2005-06-08,,32,1,42,33.0,7.3,4
678,Senior,Logística,Este,32,5314,2016-08-04,,14,1,26,46.0,6.3,2
679,Becario,IT,Centro,20,2997,2013-07-03,,2,1,39,2.0,4.3,16
680,Junior,IT,Centro,33,4134,2012-08-08,,15,1,20,19.0,7.0,4
681,Junior,Ventas,Norte,37,3698,2007-08-10,,19,1,33,12.0,4.6,17
682,Senior,IT,Centro,40,5780,2021-04-08,2029-04-06,22,0,43,47.0,4.2,-11
683,Manager,Ventas,Sur,44,8520,2017-01-06,,26,1,23,48.0,8.4,1
684,Junior,Finanzas,Sur,25,3155,2003-06-24,2012-06-21,7,0,36,12.0,5.4,7
685,Becario,RRHH,Sur,21,2996,2001-10-02,,3,1,40,1.0,1.8,19
686,Junior,Ventas,Norte,23,4724,2021-08-09,,5,1,33,11.0,5.0,17
687,Junior,Logística,Sur,26,4295,2019-05-24,,8,1,35,14.0,6.0,16
688,Senior,Finanzas,Centro,37,5886,2016-05-10,,19,1,33,47.0,7.1,1
689,Junior,Ventas,Este,28,4025,2012-11-16,,10,1,35,18.0,5.0,9
690,Manager,Ventas,Este,48,9805,2021-03-25,,30,1,43,48.0,6.9,2
691,Senior,RRHH,Oeste,32,5721,2016-07-29,2018-07-29,14,0,39,39.0,7.9,1
692,Senior,Logística,Centro,47,6534,2011-03-02,,29,1,48,14.0,6.7,2
693,Junior,Marketing,Sur,37,3912,2012-10-05,2015-10-05,19,0,47,11.0,4.6,15
694,Senior,Marketing,Este,48,6309,2003-09-29,,30,1,27,40.0,5.1,15
695,Manager,Ventas,Centro,53,7870,2011-01-25,,35,1,43,36.0,8.2,1
696,Junior,IT,Este,39,3012,2016-12-19,,21,1,22,7.0,4.0,19
697,Senior,Logística,Sur,49,5607,2016-01-06,2017-01-05,31,0,44,40.0,4.7,19
698,Junior,Finanzas,Este,37,3497,2007-01-19,2008-01-19,19,0,38,8.0,5.1,19
699,Manager,IT,Oeste,42,8756,2018-06-29,,24,1,20,68.0,6.9,4
700,Senior,IT,Oeste,30,5237,2009-11-12,,12,1,21,33.0,6.5,0
701,Junior,Logística,Este,38,4117,2004-04-30,,20,1,34,6.0,3.5,17
702,Manager,Ventas,Centro,46,9828,2005-06-09,,28,1,41,52.0,8.0,1
703,Senior,Ventas,Centro,40,6194,2006-02-18,,22,1,47,49.0,5.1,13
704,Manager,Ventas,Centro,39,9004,2010-11-10,2013-11-09,21,0,29,35.0,6.0,5
705,Manager,Ventas,Este,46,9653,2005-10-06,,28,1,37,67.0,6.4,0
706,Becario,Marketing,Centro,18,2160,2020-10-26,,0,1,41,0.0,4.7,18
707,Senior,Ventas,Sur,35,6647,2019-12-05,2023-12-04,17,0,33,45.0,7.5,3
708,Junior,Marketing,Oeste,22,4590,2000-05-08,,4,1,36,15.0,3.9,14
709,Senior,Marketing,Sur,34,5848,2016-05-04,2022-05-03,16,0,46,20.0,7.1,3
710,Junior,Ventas,Centro,35,3935,2013-02-22,,17,1,32,9.0,5.4,13
711,Junior,RRHH,Sur,26,4490,2010-12-10,2014-12-09,8,0,20,13.0,6.9,3
712,Junior,Finanzas,Centro,22,3627,2002-05-01,,4,1,24,5.0,4.5,12
713,Senior,IT,Este,47,5142,2020-07-07,2026-07-06,29,0,45,16.0,6.7,3
714,Senior,Marketing,Sur,45,6224,2011-03-27,,27,1,32,36.0,4.3,18
715,Senior,Logística,Este,38,6203,2005-09-07,,20,1,46,24.0,5.6,6
716,Becario,Logística,Este,20,2213,2014-04-28,,2,1,44,4.0,4.9,15
717,Junior,Finanzas,Norte,26,4387,2008-03-13,,8,1,33,15.0,5.2,19
718,Becario,Logística,Centro,20,1978,2010-04-02,,2,1,43,3.0,2.2,12
719,Manager,RRHH,Oeste,36,7564,2017-03-06,2024-03-04,18,0,22,55.0,6.4,3
720,Junior,Logística,Centro,36,3470,2017-05-02,,18,1,34,10.0,5.8,11
721,Becario,IT,Oeste,24,1883,2015-11-12,2019-11-11,6,0,38,3.0,3.6,8
722,Manager,IT,Centro,38,8715,2007-07-19,,20,1,36,53.0,7.1,0
723,Manager,Marketing,Este,35,9973,2015-04-26,,17,1,49,58.0,8.9,0
724,Junior,Ventas,Sur,34,3416,2020-08-14,,16,1,22,13.0,3.1,12
725,Junior,RRHH,Sur,28,4848,2020-03-07,,10,1,35,14.0,4.2,18
726,Junior,Marketing,Norte,36,3307,2017-05-26,2026-05-24,18,0,33,8.0,6.7,0
727,Manager,RRHH,Oeste,48,9696,2004-07-02,2008-07-01,30,0,31,47.0,7.0,4
728,Junior,Ventas,Oeste,39,4717,2011-12-20,2014-12-19,21,0,47,15.0,4.0,11
729,Senior,Logística,Oeste,39,6390,2008-08-10,,21,1,31,25.0,6.1,3
730,Manager,Logística,Este,43,8067,2015-11-16,2019-11-15,25,0,48,62.0,8.5,0
731,Manager,Ventas,Oeste,42,9786,2016-02-17,2018-02-16,24,0,30,58.0,6.3,1
732,Junior,Marketing,Sur,31,4866,2000-08-30,,13,1,36,11.0,6.8,4
733,Junior,Ventas,Este,38,4121,2011-03-09,,20,1,27,16.0,6.2,2
734,Junior,Finanzas,Centro,23,4743,2021-10-11,,5,1,36,14.0,3.7,8
735,Senior,IT,Oeste,35,6288,2019-11-26,,17,1,40,18.0,6.8,3
736,Junior,Marketing,Oeste,26,4823,2019-07-10,2024-07-08,8,0,44,15.0,4.5,6
737,Senior,RRHH,Centro,38,6806,2018-09-11,,20,1,42,40.0,5.6,7
738,Junior,Finanzas,Oeste,26,3139,2000-06-19,,8,1,39,16.0,6.1,2
739,Senior,Marketing,Centro,47,6504,2001-10-14,2003-10-14,29,0,30,12.0,7.9,4
740,Senior,Ventas,Este,49,6260,2016-07-03,2025-07-01,31,0,44,23.0,4.5,12
741,Senior,Ventas,Sur,38,5973,2017-05-02,,20,1,44,34.0,5.7,16
742,Senior,Ventas,Centro,46,6016,2009-08,,28,1,21,24.0,5.9,13
743,Junior,Ventas,Norte,38,3952,2014-04-02,2015-04-02,20,0,29,6.0,4.5,10
744,Junior,RRHH,Centro,33,3903,2004-02-08,,15,1,29,12.0,4.5,14
745,Senior,Finanzas,Oeste,36,5071,2005-09-30,,18,1,30,23.0,4.2,6
746,Junior,Logística,Este,24,4690,2005-11-28,,6,1,47,11.0,5.7,6
747,Senior,IT,Este,39,6213,2005-05-26,,21,1,25,45.0,5.7,11
748,Junior,RRHH,Centro,23,4291,2019-03-22,,5,1,23,6.0,3.8,12
749,Becario,RRHH,Sur,18,2844,2010-09-30,,0,1,43,2.0,4.3,12
750,Junior,Logística,Norte,24,3106,2014-02-18,,6,1,31,9.0,6.2,1
751,Manager,Logística,Este,50,7882,2006-03-08,,32,1,30,67.0,7.5,0
752,Becario,IT,Oeste,19,1638,2011-01-22,,1,1,42,2.0,2.2,13
753,Junior,IT,Oeste,31,3614,2005-07-28,,13,1,42,11.0,5.6,17
754,Senior,Logística,Sur,35,6706,2008-12-15,,17,1,46,24.0,5.2,16
755,Manager,Ventas,Este,45,9910,2021-11-03,,27,1,45,55.0,6.7,0
756,Junior,RRHH,Centro,28,3272,2002-05-07,2008-05-05,10,0,44,5.0,5.9,17
757,Junior,Marketing,Oeste,36,4504,2010-06-20,,18,1,32,12.0,3.2,7
758,Junior,IT,Sur,27,3415,2018-07-15,,9,1,24,8.0,3.4,16
759,Junior,IT,Este,30,3505,2002-11-15,,12,1,25,17.0,3.0,13
760,Junior,Logística,Este,33,3732,2010-12-04,2015-12-03,15,0,20,13.0,3.6,19
761,Manager,Finanzas,Este,53,8748,2000-10-25,,35,1,25,30.0,6.2,2
762,Senior,Marketing,Este,49,6876,2019-11-01,,31,1,37,31.0,8.0,-4
763,Senior,Marketing,Este,32,5423,2002-07-12,2009-07-10,14,0,41,20.0,5.2,13
764,Junior,IT,Oeste,36,4430,2011-08-03,,18,1,28,14.0,3.6,13
765,Director,Ventas,Sur,41,11591,2014-01-26,2020-01-25,23,0,43,66.0,7.7,2
766,Junior,Finanzas,Este,23,3389,2018-01-09,2022-01-08,5,0,44,8.0,-6.7,0
767,Junior,Marketing,Norte,24,3341,2011-10-16,,6,1,48,12.0,5.1,14
768,Junior,IT,Norte,27,3945,2007-08-31,,9,1,34,19.0,4.5,11
769,Senior,Marketing,Sur,44,5613,2015-07-11,,26,1,45,35.0,7.5,0
770,Junior,Finanzas,Centro,31,4956,2018-01-04,2023-01-03,13,0,27,9.0,4.6,11
771,Manager,Finanzas,Centro,43,7492,2013-05-07,,25,1,38,42.0,7.0,3
772,Junior,RRHH,Centro,22,3191,2014-08-01,2019-07-31,4,0,43,13.0,3.8,15
773,Manager,Logística,Norte,50,7498,2011-02-14,2018-02-12,32,0,35,40.0,7.1,3
774,Senior,Logística,Centro,35,5821,2018-01-08,2023-01-07,17,0,25,20.0,5.3,17
775,Junior,IT,Oeste,30,4735,2011-01-28,,12,1,48,10.0,5.7,8
776,Manager,Finanzas,Este,38,8256,2004-12-07,,20,1,25,30.0,6.9,1
777,Senior,RRHH,Norte,31,6968,2007-06-06,,13,1,41,15.0,6.3,1
778,Junior,RRHH,Sur,25,3226,2014-02-17,,7,1,22,17.0,3.3,18
779,Junior,Marketing,Sur,22,4394,2012-05-03,2013-05-03,4,0,29,10.0,3.8,8
780,Junior,Marketing,Este,31,3138,2021-01-20,,13,1,20,12.0,4.6,12
781,Junior,RRHH,Norte,36,3855,2007-10-24,,18,1,47,19.0,6.7,4
782,Junior,Marketing,Centro,37,3816,2007-04-11,,19,1,33,10.0,4.5,12
783,Senior,Finanzas,Centro,33,6172,2012-05-19,2021-05-17,15,0,23,46.0,6.7,0
784,Senior,Ventas,Oeste,31,6138,2009-02-28,,13,1,45,36.0,5.0,6
785,Manager,Finanzas,Oeste,47,8473,2004-01-11,,29,1,31,43.0,6.4,3
786,Becario,RRHH,Centro,21,2586,2008-01-28,,3,1,25,1.0,1.2,19
787,Junior,RRHH,Sur,22,3103,2002-07-30,,4,1,30,9.0,4.2,8
788,Senior,Finanzas,Sur,46,6874,2005-03-22,2012-03-20,28,0,31,-45.0,4.6,16
789,Senior,Marketing,Oeste,42,5870,2013-03-30,,24,1,29,41.0,4.7,13
790,Becario,Marketing,Este,21,2167,2015-01-10,2021-01-08,3,0,37,1.0,4.0,7
791,Manager,Logística,Centro,41,9042,2003-05-28,,23,1,26,36.0,6.0,18
792,Junior,RRHH,Oeste,38,3272,2015-08-06,,20,1,26,14.0,5.2,10
793,Junior,IT,Oeste,30,4029,2021-12-30,2030-12-28,12,0,30,14.0,4.5,11
794,Junior,Logística,Centro,25,4170,2014-08-26,,7,1,23,6.0,5.0,12
795,Director,Marketing,Centro,58,14069,2012-02-10,,40,1,39,66.0,8.7,4
796,Junior,Finanzas,Sur,22,4051,2004-01-06,2007-01-05,4,0,20,18.0,4.3,11
797,Becario,Marketing,Este,19,2642,2016-12-17,,1,1,32,4.0,2.2,7
798,Junior,Finanzas,Este,25,3292,2010-11-01,2011-11-01,7,0,37,16.0,5.9,10
799,Junior,Logística,Centro,30,4394,2005-05-20,,12,1,28,17.0,6.5,4
800,Becario,RRHH,Norte,22,2767,2001-01-10,,4,1,45,0.0,1.8,19
801,Junior,Marketing,Oeste,35,4603,2000-09-19,,17,1,43,5.0,3.4,17
802,Manager,Finanzas,Oeste,44,9224,2011-12-11,,26,1,43,62.0,8.7,3
803,Junior,RRHH,Centro,27,4322,2017-10-20,,9,1,28,10.0,4.4,14
804,Junior,IT,Norte,37,4699,2009-04-11,,19,1,42,13.0,5.2,8
805,Senior,Finanzas,Sur,35,5057,2009-04-18,2013-04-17,17,0,48,35.0,5.4,5
806,Junior,Logística,Centro,38,4292,2005-04-28,,20,1,28,17.0,3.5,18
807,Becario,IT,Centro,19,1807,2021-06-12,,1,1,29,2.0,3.4,17
808,Becario,IT,Oeste,19,2811,2005-03-08,2008-03-07,1,0,47,3.0,3.1,11
809,Senior,Ventas,Centro,47,5976,2016-06-02,,29,1,21,42.0,4.8,12
810,Manager,Marketing,Centro,37,8251,2018-08-09,,19,1,25,66.0,7.4,1
811,Becario,Finanzas,Centro,21,2770,2009-12-13,,3,1,34,0.0,4.2,11
812,Junior,IT,Oeste,36,3699,2004-07-10,2010-07-09,18,0,22,18.0,5.4,10
813,Manager,Ventas,Sur,49,8517,2015-03-03,2023-03-01,31,0,30,37.0,6.3,4
814,Becario,Logística,Sur,21,1582,2011-05-04,2014-05-03,3,0,25,0.0,3.2,17
815,Junior,RRHH,Centro,30,4209,2010-08-28,,12,1,22,19.0,5.8,8
816,Junior,Finanzas,Oeste,38,3251,2001-08-22,2010-08-20,20,0,43,12.0,6.2,1
817,Junior,IT,Sur,32,4378,2013-03-08,,14,1,30,5.0,5.5,14
818,Senior,Marketing,Sur,38,6773,2005-03-27,2013-03-25,20,0,34,21.0,4.6,10
819,Manager,Ventas,Sur,44,8719,2003-07-16,,26,1,32,34.0,8.1,4
820,Senior,IT,Oeste,47,5795,2001-08-23,,29,1,39,33.0,6.7,1
821,Junior,Marketing,Oeste,34,3896,2001-01-15,,16,1,47,10.0,3.1,14
822,Director,IT,Centro,47,11961,2011-07-15,2015-07-14,29,0,29,74.0,8.2,3
823,Senior,Finanzas,Este,36,5209,2009-12-16,,18,1,25,10.0,5.3,19
824,Senior,Finanzas,Sur,46,5815,2005-12-03,2009-12-02,28,0,34,34.0,6.7,2
825,Junior,Finanzas,Este,36,4831,2021-05-07,,18,1,44,5.0,3.9,13
826,Becario,Logística,Oeste,21,2108,2011-12-04,,3,1,37,1.0,3.4,15
827,Senior,Logística,Oeste,44,5446,2003-01-03,2008-01-02,26,0,37,12.0,7.7,1
828,Senior,Ventas,Oeste,30,5459,2015-05-01,,12,1,26,28.0,7.2,4
829,Junior,Finanzas,Este,35,3967,2017-08-27,,17,1,34,16.0,6.7,0
830,Senior,Marketing,Oeste,34,5471,2016-11-02,2018-11-02,16,0,37,38.0,7.9,0
831,Senior,IT,Centro,40,6743,2000-12-31,,22,1,37,11.0,4.0,17
832,Senior,RRHH,Oeste,45,5369,2015-10-02,2019-10-01,27,0,39,18.0,6.5,0
833,Manager,Marketing,Norte,36,9947,2007-01-14,,18,1,28,46.0,7.2,4
834,Manager,Logística,Este,42,7922,2009-05-12,,24,1,43,65.0,8.6,0
835,Senior,Logística,Norte,40,5136,2015-03-20,2022-03-18,22,0,21,26.0,5.0,11
836,Senior,Marketing,Oeste,47,5366,2016-10-03,,29,1,27,21.0,7.9,2
837,Becario,Logística,Centro,20,2411,2020-03-18,,2,1,39,3.0,3.5,11
838,Senior,Finanzas,Sur,30,5183,2006/12,,12,1,21,29.0,7.2,0
839,Junior,Ventas,Oeste,32,4611,2002-03-01,,14,1,30,6.0,3.3,8
840,Junior,IT,Centro,37,4310,2009-10-09,,19,1,45,7.0,3.7,17
841,Director,Ventas,Este,57,11398,2021-02-06,,39,1,26,92.0,9.3,0
842,Junior,IT,Norte,37,3653,2002-01-16,,19,1,25,13.0,3.1,10
843,Manager,IT,Norte,44,9796,2017-10-28,,26,1,49,33.0,8.5,4
844,Becario,Ventas,Norte,19,2036,2000-11-08,,1,1,29,0.0,1.1,8
845,Manager,Marketing,Este,40,9849,2012-09-07,,22,1,24,66.0,8.0,0
846,Senior,IT,Centro,48,6602,2002-07-09,,30,1,30,24.0,5.5,13
847,Manager,Ventas,Este,38,8273,2002-12-13,,20,1,20,62.0,7.8,3
848,Becario,IT,Norte,20,2419,2021-02-07,,2,1,21,2.0,3.8,8
849,Junior,RRHH,Oeste,34,3509,2015-04-18,,16,1,43,11.0,4.4,16
850,Junior,Marketing,Sur,35,3629,2019-03-10,,17,1,20,8.0,3.4,10
851,Manager,Finanzas,Este,37,8096,2020-01-27,,19,1,38,67.0,6.2,4
852,Junior,IT,Este,31,4305,2007-09-30,,13,1,21,12.0,5.4,11
853,Senior,RRHH,Centro,35,5915,2006-07-09,2014-07-07,17,0,40,25.0,6.1,3
854,Junior,Finanzas,Centro,22,4983,2009-11-27,,4,1,39,18.0,6.0,17
855,Senior,Finanzas,Este,43,6383,2002-03-08,,25,1,48,43.0,6.0,15
856,Manager,IT,Norte,42,7151,2012-03-01,,24,1,42,30.0,7.3,0
857,Director,Ventas,Sur,58,11028,2000-09-29,2007-09-28,40,0,40,73.0,8.2,0
858,Senior,IT,Centro,43,6218,2008-03-29,2016-03-27,25,0,43,33.0,4.1,12
859,Junior,RRHH,Norte,31,4977,2013-03-08,,13,1,23,13.0,4.3,14
860,Manager,Finanzas,Oeste,51,9511,2004-11-08,,33,1,31,51.0,8.9,2
861,Junior,IT,Centro,30,4136,2020-10-03,2028-10-01,12,0,41,16.0,6.5,3
862,Senior,Ventas,Norte,35,5270,2006-12-22,,17,1,39,26.0,5.3,16
863,Junior,IT,Norte,32,4186,2008-08-30,,14,1,37,18.0,5.4,19
864,Senior,Marketing,Sur,36,5459,2013-02-01,2022-01-30,18,0,20,34.0,7.4,2
865,Senior,Ventas,Sur,46,5104,2017-01-13,,28,1,49,37.0,5.8,16
866,Junior,RRHH,Oeste,22,4716,2012-11-30,,4,1,49,17.0,3.1,6
867,Manager,Finanzas,Norte,39,8710,2016-10-18,,21,1,20,44.0,6.2,4
868,Manager,IT,Norte,43,9209,2020-03-20,,25,1,43,59.0,7.5,0
869,Junior,Ventas,Sur,39,3350,2002-08-04,,21,1,33,7.0,6.9,2
870,Becario,Marketing,Centro,20,1933,2017-10-19,,2,1,23,2.0,3.8,5
871,Senior,Ventas,Centro,31,5851,2007-04-19,,13,1,24,31.0,4.3,17
872,Senior,Logística,Este,40,5139,2001-05-21,2008-05-19,22,0,30,19.0,4.8,7
873,Junior,Marketing,Sur,27,4494,2015-07-19,2022-07-17,9,0,43,17.0,6.1,4
874,Senior,RRHH,Este,37,6155,2020-02-13,,19,1,47,40.0,7.4,3
875,Director,Finanzas,Sur,43,14182,2018-05-25,,25,1,42,76.0,8.9,3
876,Manager,RRHH,Oeste,52,8711,2020-04-18,2025-04-17,34,0,32,41.0,7.9,3
877,Junior,IT,Norte,32,3182,2000-08-31,,14,1,35,18.0,3.1,9
878,Junior,Ventas,Oeste,26,3367,2001-05-20,2003-05-20,8,0,43,19.0,6.3,4
879,Director,Logística,Sur,54,10128,2012-05-14,,36,1,32,81.0,9.4,4
880,Senior,Marketing,Norte,47,6269,2020-07-01,,29,1,43,41.0,5.0,5
881,Senior,Marketing,Centro,31,6624,2008-08-24,,13,1,41,44.0,6.8,4
882,Junior,Ventas,Centro,32,4601,2017-05-31,,14,1,45,9.0,3.9,8
883,Director,Logística,Este,64,14765,2020-12-18,2023-12-18,46,0,21,95.0,-7.1,1
884,Manager,Ventas,Sur,47,7148,2009-10-30,,29,1,35,50.0,6.6,4
885,Junior,IT,Sur,25,3984,2020-05-20,2022-05-20,7,0,25,14.0,3.7,6
886,Manager,RRHH,Centro,41,7851,2005-02-15,,23,1,33,45.0,7.0,3
887,Junior,Marketing,Oeste,32,4456,2010-05-21,2012-05-20,14,0,20,11.0,4.7,17
888,Senior,IT,Norte,33,5627,2019-08-01,,15,1,36,13.0,6.0,5
889,Manager,RRHH,Oeste,49,8492,2003-04-07,,31,1,30,56.0,7.4,0
890,Senior,IT,Oeste,30,5445,2012-02-12,,12,1,38,34.0,5.1,19
891,Junior,Logística,Centro,24,4504,2012-12-28,,6,1,22,19.0,3.1,6
892,Junior,Marketing,Centro,35,3883,2004-01-04,,17,1,30,15.0,5.4,10
893,Junior,Ventas,Centro,27,3293,2001-01-25,2002-01-25,9,0,48,8.0,4.6,5
894,Senior,Ventas,Este,47,6788,2015-05-17,2017-05-16,29,0,24,45.0,5.2,5
895,Junior,RRHH,Oeste,22,4166,2012-04-03,,4,1,36,10.0,6.5,0
896,Senior,Finanzas,Sur,35,5249,2009-03-31,2010-03-31,17,0,45,26.0,7.0,3
897,Senior,Logística,Norte,35,5877,2013-03-30,2021-03-28,17,0,41,20.0,7.4,0
898,Junior,RRHH,Este,37,3947,2016-09-19,,19,1,26,18.0,5.0,15
899,Director,Finanzas,Sur,44,10974,2013-06-16,,26,1,29,84.0,7.4,4
900,Manager,IT,Oeste,51,8325,2001-11-03,,33,1,47,67.0,8.1,0
901,Senior,Logística,Centro,39,6048,2007-01-04,,21,1,48,31.0,4.8,10
902,Director,IT,Oeste,60,10983,2016-01-24,,42,1,30,92.0,8.3,0
903,Manager,Marketing,Norte,52,7888,2019-06-02,2022-06-01,34,0,22,56.0,6.2,0
904,Junior,Logística,Este,28,3889,2003-04-26,,10,1,39,9.0,6.3,2
905,Senior,Finanzas,Este,32,6924,2002-07-18,,14,1,29,44.0,4.5,5
906,Junior,Marketing,Norte,34,3069,2004-03-19,,16,1,46,8.0,6.6,0
907,Junior,Ventas,Sur,36,3624,2002-07-01,2010-06-29,18,0,29,9.0,6.5,4
908,Senior,Finanzas,Sur,49,5874,2001-10-05,,31,1,33,35.0,5.9,18
909,Senior,RRHH,Este,48,6135,2012-05-19,2017-05-18,30,0,31,45.0,7.0,2
910,Senior,Ventas,Este,32,6387,2001-05-16,2010-05-14,14,0,34,28.0,6.5,2
911,Junior,Ventas,Centro,25,4326,2001-12-30,2009-12-28,7,0,29,14.0,6.2,0
912,Senior,RRHH,Sur,34,5470,2003-07-07,,16,1,49,26.0,5.7,18
913,Junior,Logística,Norte,22,4987,2021-01-10,,4,1,29,17.0,6.1,2
914,Senior,Ventas,Sur,33,5090,2005-10-19,,15,1,45,35.0,5.8,11
915,Junior,Finanzas,Centro,33,3529,2018-02-16,,15,1,38,10.0,6.8,1
916,Senior,Marketing,Este,39,5660,2020-02-10,,21,1,20,37.0,5.9,7
917,Senior,Ventas,Este,49,5738,2012-06-18,2015-06-18,31,0,43,10.0,5.9,7
918,Becario,Finanzas,Centro,18,2225,2017-05-03,2025-05-01,0,0,48,3.0,4.1,7
919,Junior,IT,Norte,34,3871,2012-01-04,,16,1,45,8.0,6.3,3
920,Manager,Finanzas,Este,48,8686,2021-01-17,,30,1,29,66.0,7.7,3
921,Junior,Marketing,Oeste,26,3191,2010-07-03,,8,1,21,6.0,3.7,8
922,Senior,Finanzas,Este,33,6986,2002-07-08,2008-07-06,15,0,36,26.0,5.9,7
923,Junior,RRHH,Oeste,35,4575,2011-02-02,2013-02-01,17,0,49,12.0,6.9,1
924,Junior,Marketing,Centro,31,4265,2006-05-28,2011-05-27,13,0,43,10.0,6.0,15
925,Senior,Logística,Centro,46,5137,2016-08-09,,28,1,26,30.0,7.2,0
926,Director,IT,Este,49,14440,2002-01-25,,31,1,26,58.0,7.1,1
927,Senior,RRHH,Sur,36,6203,2015-10-03,,18,1,39,22.0,5.9,8
928,Junior,Logística,Oeste,37,4008,2016-03-27,,19,1,46,15.0,5.6,12
929,Junior,Finanzas,Norte,22,4735,2014-10-16,,4,1,28,17.0,6.3,4
930,Senior,Marketing,Este,46,5502,2015-07-04,,28,1,41,25.0,4.2,11
931,Manager,IT,Norte,43,7202,2005-02-12,2010-02-11,25,0,21,45.0,8.6,1
932,Junior,RRHH,Este,27,3572,2012-03-30,,9,1,33,15.0,5.2,8
933,Becario,Logística,Sur,20,1691,2021-06-04,,2,1,36,1.0,1.8,14
934,Junior,Logística,Sur,34,3004,2014-06-11,2019-06-10,16,0,20,14.0,4.3,14
935,Manager,IT,Sur,37,8913,2001-05-22,,19,1,28,37.0,6.8,2
936,Senior,Finanzas,Sur,36,6260,2003-12-07,,18,1,39,22.0,6.1,0
937,Director,IT,Centro,61,11716,2007-01-19,,43,1,40,66.0,7.2,4
938,Becario,Logística,Centro,18,1810,2009-05-19,,0,1,38,2.0,1.6,8
939,Manager,Ventas,Oeste,39,9596,2001-07-12,,21,1,23,59.0,8.4,1
940,Junior,RRHH,Norte,31,3055,2021-09-17,,13,1,47,0,3.5,17
941,Senior,IT,Este,46,5442,2020-02-19,2025-02-17,28,0,27,22.0,4.9,6
942,Junior,Logística,Este,33,4260,2008-06-29,2014-06-28,15,0,32,7.0,4.8,10
943,Junior,Finanzas,Centro,37,3869,2017-07-13,2018-07-13,19,0,23,11.0,5.1,5
944,Junior,Logística,Este,24,4884,2012-05-13,2016-05-12,6,0,28,13.0,6.1,4
945,Senior,Finanzas,Centro,38,6220,2015-06-19,,20,1,28,28.0,5.8,16
946,Director,IT,Oeste,54,10584,2009-12-01,,36,1,41,94.0,9.4,1
947,Manager,Finanzas,Norte,39,8594,2012-01-17,2017-01-15,21,0,37,69.0,7.9,0
948,Becario,Marketing,Oeste,24,2251,2013-10-16,,6,1,31,1.0,1.5,18
949,Junior,Marketing,Sur,34,4537,2011-02-09,2018-02-07,16,0,29,17.0,3.6,12
950,Junior,Marketing,Sur,35,4472,2019-09-24,,17,1,30,11.0,4.7,9
951,Junior,Ventas,Sur,36,3359,2020-12-17,2027-12-16,18,0,26,6.0,4.6,10
952,Junior,IT,Oeste,37,4723,2010-03-04,,19,1,28,6.0,6.0,6
953,Manager,Logística,Este,47,9866,2018-04-21,2026-04-19,29,0,25,40.0,7.7,1
954,Becario,Logística,Norte,18,1529,2021-06-16,,0,1,38,0.0,2.6,16
955,Senior,Ventas,Sur,37,6802,2003-07-25,,19,1,35,23.0,4.7,1300
956,Senior,Finanzas,Sur,31,5107,2020-03-06,,13,1,49,25.0,4.9,7
957,Junior,Ventas,Sur,26,3843,2014-03-13,2015-03-13,8,0,34,15.0,5.3,10
958,Director,Finanzas,,45,14006,2005-11-25,2014-11-23,27,0,26,82.0,8.3,1
959,Manager,Finanzas,Sur,46,8625,2017-07-21,2022-07-20,28,0,35,36.0,7.5,4
960,Junior,RRHH,Norte,39,3716,2017-06-05,,21,1,24,19.0,3.7,18
961,Manager,Logística,Sur,35,7890,2016-03-20,2020-03-19,17,0,35,43.0,8.0,3
962,Junior,Marketing,Oeste,38,4991,2015-06-20,,20,1,20,16.0,6.4,3
963,Senior,Finanzas,Oeste,40,6982,2019-11-14,,22,1,38,25.0,5.0,14
964,Senior,RRHH,Norte,39,5959,2001-11-23,,21,1,24,28.0,6.0,6
965,Senior,Logística,Oeste,48,6468,2011-11-29,,30,1,26,26.0,7.9,1
966,Senior,Marketing,Norte,43,5892,2004-01-18,2006-01-17,25,0,38,35.0,5.3,11
967,Junior,Finanzas,Oeste,31,4461,2017-07-06,2019-07-06,13,0,41,10.0,0.4,15
968,Senior,Finanzas,Oeste,44,5731,2000-09-13,,26,1,24,18.0,4.4,6
969,Junior,Ventas,Norte,25,4913,2006-08-27,,7,1,48,6.0,5.4,10
970,Senior,Ventas,Este,31,5605,2001-03-17,2005-03-16,13,0,36,26.0,4.4,18
971,Junior,Logística,Oeste,30,3456,2005-02-24,2010-02-23,12,0,45,19.0,6.8,0
972,Becario,Marketing,Sur,19,2114,2007-03-31,,1,1,41,3.0,3.9,9
973,Junior,Finanzas,Este,32,4758,2014-04-06,2021-04-04,14,0,49,11.0,1.2,1
974,Senior,Logística,Norte,43,5697,2010-06-17,,25,1,27,14.0,6.8,2
975,Director,Logística,Este,46,11719,2017-11-20,,28,1,48,92.0,8.8,4
976,Senior,IT,Centro,44,6518,2012-10-21,2020-10-19,26,0,48,45.0,5.8,12
977,Junior,Ventas,Centro,36,3673,2019-09-29,2024-09-27,18,0,20,15.0,-6.4,3
978,Manager,Marketing,Oeste,42,8270,2004-10-01,2007-10-01,24,0,21,65.0,8.9,1
979,Senior,Finanzas,Oeste,40,5542,2010-03-24,,22,1,49,12.0,6.0,10
980,Junior,Logística,Sur,30,4587,2007-03-30,,12,1,34,14.0,6.7,4
981,Senior,Finanzas,Este,44,5856,2000-01-19,,26,1,39,33.0,6.3,3
982,Junior,IT,Centro,22,4611,2003-01-29,,4,1,47,11.0,5.2,19
983,Manager,Marketing,Oeste,35,7896,2010-11-29,,17,1,37,46.0,7.4,2
984,Manager,Logística,Este,53,8462,2007-04-08,2010-04-07,35,0,30,68.0,6.6,0
985,Junior,Finanzas,Oeste,24,3277,2021-09-20,2027-09-19,6,0,44,-14.0,3.0,19
986,Senior,Ventas,Oeste,39,5551,2014-12-29,,21,1,29,13.0,5.0,6
987,Junior,IT,Centro,29,4636,2015-07-02,2017-07-01,11,0,43,11.0,5.0,5
988,Senior,Marketing,Centro,44,5110,2021-09-15,2029-09-13,26,0,43,21.0,5.5,15
989,Senior,IT,Oeste,39,5384,2005-09-11,,21,1,23,10.0,5.8,17
990,Junior,Ventas,Norte,22,4856,2016-09-02,,4,1,24,9.0,6.9,4
991,Junior,Marketing,Oeste,39,3760,2020-04-01,,21,1,23,7.0,4.4,15
992,Junior,IT,Oeste,23,4214,2004-03-27,,5,1,32,9.0,4.8,10
993,Senior,RRHH,Sur,48,6513,2021-05-07,2025-05-06,30,0,44,27.0,4.5,7
994,Junior,Ventas,Sur,34,3693,2002-05-11,,16,1,32,15.0,3.2,12
995,Senior,Ventas,Sur,30,6449,2000-06-03,2003-06-03,12,0,37,12.0,7.1,1
996,Manager,Ventas,Norte,36,7404,2009-07-26,,18,1,48,61.0,7.7,3
997,Becario,RRHH,Norte,22,2858,2002-06-23,,4,1,46,1.0,4.0,11
998,Manager,RRHH,Oeste,50,8232,2003-06-23,2005-06-22,32,0,43,69.0,6.4,0
999,Becario,Finanzas,Sur,24,1521,2001-02-08,,6,1,21,4.0,3.3,13
1000,Senior,Logística,Norte,42,5677,2002-04-23,2011-04-21,24,0,35,13.0,5.0,17
